Country Name,Country Code,Indicator Name,Indicator Code,1960,1961,1962,1963,1964,1965,1966,1967,1968,1969,1970,1971,1972,1973,1974,1975,1976,1977,1978,1979,1980,1981,1982,1983,1984,1985,1986,1987,1988,1989,1990,1991,1992,1993,1994,1995,1996,1997,1998,1999,2000,2001,2002,2003,2004,2005,2006,2007,2008,2009,2010,2011,2012,2013,2014,2015,2016,2017,2018,2019,2020,2021,2022,2023,
Aruba,ABW,"Literacy rate, adult female (% of females ages 15 and above)",SE.ADT.LITR.FE.ZS,,,,,,,,,,,,,,,,,,,,,,,,,,,,,,,,,,,,,,,,,97,,,,,,,,,,97,,,,,,,,,,98,,,,
Africa Eastern and Southern,AFE,"Literacy rate, adult female (% of females ages 15 and above)",SE.ADT.LITR.FE.ZS,,,,,,,,,,,,,,,,,,,,,,,,,,,,47.1497802734375,47.6577911376953,48.0540885925293,48.6949081420898,48.648998260498,49.0647888183594,49.7175216674805,50.3447113037109,51.0756301879883,51.8616905212402,52.9156608581543,53.2861709594727,54.1241188049316,54.8834800720215,55.6412506103516,55.4601898193359,56.1388816833496,56.5084190368652,56.0260696411133,54.0479316711426,55.2990112304688,55.5741996765137,56.4384613037109,57.3303909301758,59.7894287109375,61.6372184753418,62.6059303283691,63.5007400512695,64.1244277954102,65.0112762451172,65.2154388427734,65.8721923828125,67.2694473266602,67.5523300170898,67.4571075439453,67.9772567749023,68.4257125854492,
Afghanistan,AFG,"Literacy rate, adult female (% of females ages 15 and above)",SE.ADT.LITR.FE.ZS,,,,,,,,,,,,,,,,,,,,5,,,,,,,,,,,,,,,,,,,,,,,,,,,,,,,,17,,,,17.0862407684326,,,,,,23,26.5965595245361,,
Africa Western and Central,AFW,"Literacy rate, adult female (% of females ages 15 and above)",SE.ADT.LITR.FE.ZS,,,,,,,,,,,,,,,,,,,,,,,,,,28.558349609375,28.8379497528076,29.6168308258057,30.3316802978516,31.2255592346191,32.0875396728516,32.9863395690918,33.8582496643066,34.7813911437988,35.7780113220215,36.2378616333008,37.2734413146973,38.4017601013184,39.6568298339844,40.6893005371094,35.9609794616699,37.2136192321777,38.1161308288574,39.003490447998,40.1081504821777,40.3692092895508,41.2950096130371,39.923210144043,40.5154495239258,40.5085792541504,41.5085716247559,42.3209495544434,42.8530807495117,43.7332611083984,44.6747398376465,45.6816596984863,46.3605194091797,47.3756713867188,51.0471000671387,51.0505294799805,51.2901382446289,51.6307182312012,51.9547805786133,52.2019195556641,
Angola,AGO,"Literacy rate, adult female (% of females ages 15 and above)",SE.ADT.LITR.FE.ZS,,,,,,,,,,,,,,,,,,,,,,,,,,,,,,,,,,,,,,,,,,54,,,,,,,,,,,,,53,51.9259796142578,,,,,,,62.5,,
Albania,ALB,"Literacy rate, adult female (% of females ages 15 and above)",SE.ADT.LITR.FE.ZS,,,,,,,,,,,,,,,,,,,,,,,,,,,,,,,,,,,,,,,,,,98,,,,,,,95,,,96,96,,,,,99.0490417480469,,,,,98.3000030517578,,
Andorra,AND,"Literacy rate, adult female (% of females ages 15 and above)",SE.ADT.LITR.FE.ZS,,,,,,,,,,,,,,,,,,,,,,,,,,,,,,,,,,,,,,,,,,,,,,,,,,,,,,,,,,,,,,,,,
Arab World,ARB,"Literacy rate, adult female (% of females ages 15 and above)",SE.ADT.LITR.FE.ZS,,,,,,,,,,,,,,,,,,,31.767240524292,32.3515510559082,33.0195808410645,33.695240020752,34.4745903015137,34.8901481628418,35.8045196533203,36.7085800170898,37.6204605102539,38.5295295715332,39.5514183044434,40.5765914916992,41.6636085510254,42.7137489318848,43.9511413574219,44.3244209289551,45.4606094360352,46.6182708740234,47.994068145752,49.370548248291,50.7868881225586,52.1447982788086,53.4153785705566,54.7703285217285,56.0812683105469,58.5280990600586,59.6798782348633,60.4492301940918,59.2362213134766,60.2265815734863,61.5108299255371,60.0424995422363,60.8966102600098,63.0181007385254,63.9691200256348,64.9342269897461,65.558349609375,66.3804931640625,65.3165512084961,65.9647979736328,66.4866180419922,66.9575576782227,67.4393005371094,67.9970397949219,68.4637222290039,68.8911666870117,
United Arab Emirates,ARE,"Literacy rate, adult female (% of females ages 15 and above)",SE.ADT.LITR.FE.ZS,,,,,,,,,,,,,,,,38,,,,,,,,,,69,,,,,,,,,,,,,,,,,,,,91,,,,,,,,,,,,,,97,,97,98,,
Argentina,ARG,"Literacy rate, adult female (% of females ages 15 and above)",SE.ADT.LITR.FE.ZS,,,,,,,,,,,,,,,,,,,,,94,,,,,,,,,,,96,,,,,,,,,,97,,,,,,,,,,,,,,,,,,,,,,,
Armenia,ARM,"Literacy rate, adult female (% of females ages 15 and above)",SE.ADT.LITR.FE.ZS,,,,,,,,,,,,,,,,,,,,,,,,,,,,,,98,,,,,,,,,,,,99,,,,,,,,,,100,,,,,100,100,,,100,,,,
American Samoa,ASM,"Literacy rate, adult female (% of females ages 15 and above)",SE.ADT.LITR.FE.ZS,,,,,,,,,,,,,,,,,,,,,97,,,,,,,,,,,,,,,,,,,,,,,,,,,,,,,,,,,,,,,,,,,,
Antigua and Barbuda,ATG,"Literacy rate, adult female (% of females ages 15 and above)",SE.ADT.LITR.FE.ZS,,,,,,,,,,,,,,,,,,,,,,,,,,,,,,,,,,,,,,,,,,99,,,,,,,,,,,,,,,,,,,,,,,
Australia,AUS,"Literacy rate, adult female (% of females ages 15 and above)",SE.ADT.LITR.FE.ZS,,,,,,,,,,,,,,,,,,,,,,,,,,,,,,,,,,,,,,,,,,,,,,,,,,,,,,,,,,,,,,,,,
Austria,AUT,"Literacy rate, adult female (% of females ages 15 and above)",SE.ADT.LITR.FE.ZS,,,,,,,,,,,,,,,,,,,,,,,,,,,,,,,,,,,,,,,,,,,,,,,,,,,,,,,,,,,,,,,,,
Azerbaijan,AZE,"Literacy rate, adult female (% of females ages 15 and above)",SE.ADT.LITR.FE.ZS,,,,,,,,,,,,,,,,,,,,,,,,,,,,,,,,,,,,,,,,98,,,,,,,,99,,100,100,100,100,100,100,100,100,100,,100,,,,100,
Burundi,BDI,"Literacy rate, adult female (% of females ages 15 and above)",SE.ADT.LITR.FE.ZS,,,,,,,,,,,,,,,,,,,,12,,,,,,,,,,,28,,,,,,,,,,52,,,,,,,,43,,,,,,55,,59.4406814575195,61,,,,,69.4400024414062,,
Belgium,BEL,"Literacy rate, adult female (% of females ages 15 and above)",SE.ADT.LITR.FE.ZS,,,,,,,,,,,,,,,,,,,,,,,,,,,,,,,,,,,,,,,,,,,,,,,,,,,,,,,,,,,,,,,,,
Benin,BEN,"Literacy rate, adult female (% of females ages 15 and above)",SE.ADT.LITR.FE.ZS,,,,,,,,,,,,,,,,,,,,10,,,,,,,,,,,,,17,,,,,,,,,,23,,,,18.4429092407227,,,,,,22.093879699707,,,,,28.5498504638672,,,,33.1344985961914,36.4000015258789,,
Burkina Faso,BFA,"Literacy rate, adult female (% of females ages 15 and above)",SE.ADT.LITR.FE.ZS,,,,,,,,,,,,,,,,3,,,,,,,,,,,,,,,,8,,,,,8,,,,,,,15,,17,16,21,,,,,,,26,,,,31,25,,31.0312004089355,29.1200008392334,,
Bangladesh,BGD,"Literacy rate, adult female (% of females ages 15 and above)",SE.ADT.LITR.FE.ZS,,,,,,,,,,,,,,,,,,,,,,18,,,,,,,,,,26,,,,,,,,,,41,,,,,,43.7408485412598,,,,55,54,58,58,62,70,70,71,72,72,74,,,
Bulgaria,BGR,"Literacy rate, adult female (% of females ages 15 and above)",SE.ADT.LITR.FE.ZS,,,,,,,,,,,,,,,,,,,,,,,,,,,,,,,,,,,,,,,,,,98,,,,,,,,,,98,,,,,,,,,,98.1699981689453,,,
Bahrain,BHR,"Literacy rate, adult female (% of females ages 15 and above)",SE.ADT.LITR.FE.ZS,,,,,,,,,,,,,,,,,,,,,,59,,,,,,,,,,77,,,,,,,,,,84,,,,,,,,,,90.6999969482422,,,,,,,,,,,96,96,
"Bahamas, The",BHS,"Literacy rate, adult female (% of females ages 15 and above)",SE.ADT.LITR.FE.ZS,,,,,,,,,,,,,,,,,,,,,,,,,,,,,,,,,,,,,,,,,,,,,,,,,,,,,,,,,,,,,,,,,
Bosnia and Herzegovina,BIH,"Literacy rate, adult female (% of females ages 15 and above)",SE.ADT.LITR.FE.ZS,,,,,,,,,,,,,,,,,,,,,,,,,,,,,,,,82,,,,,,,,,94,,,,,,,,,,,96.8037109375,,95,,,,,,,,,97.0999984741211,,
Belarus,BLR,"Literacy rate, adult female (% of females ages 15 and above)",SE.ADT.LITR.FE.ZS,,,,,,,,,,,,,,,,,,,,,,,,,,,,,,97,,,,,,,,,,99,,,,,,,,,,99,,,,,,,,,,100,,,,,
Belize,BLZ,"Literacy rate, adult female (% of females ages 15 and above)",SE.ADT.LITR.FE.ZS,,,,,,,,,,,,,,,,,,,,,,,,,,,,,,,,70,,,,,,,,,,81.3000030517578,,,,,,,,,,,,,,91.6316070556641,,,,,,,,,
Bermuda,BMU,"Literacy rate, adult female (% of females ages 15 and above)",SE.ADT.LITR.FE.ZS,,,,,,,,,,,,,,,,,,,,,,,,,,,,,,,,,,,,,,,,,,,,,,,,,,,,,,,,,,,,,,,,,
Bolivia,BOL,"Literacy rate, adult female (% of females ages 15 and above)",SE.ADT.LITR.FE.ZS,,,,,,,,,,,,,,,,,51,,,,,,,,,,,,,,,,72,,,,,,,,,81,,,,,,86,87,87,,88,92,,,89,,,,,91,,,,
Brazil,BRA,"Literacy rate, adult female (% of females ages 15 and above)",SE.ADT.LITR.FE.ZS,,,,,,,,,,,,,,,,,,,,,73,,,,,,,,,,,,,,,,,,,,87,,,,89,,90,90,90,90,91,92,92,92,92,92,93,93,93,,,,94.9199981689453,,
Barbados,BRB,"Literacy rate, adult female (% of females ages 15 and above)",SE.ADT.LITR.FE.ZS,,,,,,,,,,,99,,,,,,,,,,99.5,,,,,,,,,,,,,,,,,,,,,,,,,,,,,,,,,,,,,,,,,,,,
Brunei Darussalam,BRN,"Literacy rate, adult female (% of females ages 15 and above)",SE.ADT.LITR.FE.ZS,,,,,,,,,,,,,,,,,,,,,,69,,,,,,,,,,82,,,,,,,,,,90,,,,,,,,,,95,,,,,,,,,,96.8600006103516,,,
Bhutan,BTN,"Literacy rate, adult female (% of females ages 15 and above)",SE.ADT.LITR.FE.ZS,,,,,,,,,,,,,,,,,,,,,,,,,,,,,,,,,,,,,,,,,,,,,,39,,,,,,,45,,,,,57,,,,,63.9000015258789,,
Botswana,BWA,"Literacy rate, adult female (% of females ages 15 and above)",SE.ADT.LITR.FE.ZS,,,,,,,,,,,,,,,,,,,,,,,,,,,,,,,,71,,,,,,,,,,,,82,,,,,,,,,,87.4512100219727,,,,,,,,,,,
Central African Republic,CAF,"Literacy rate, adult female (% of females ages 15 and above)",SE.ADT.LITR.FE.ZS,,,,,,,,,,,,,,,,8,,,,,,,,,,,,,20,,,,,,,,,,,,35,,,,,,,,,,24.355489730835,,,,,,,,26,27.1308307647705,26.2000007629395,,,,
Canada,CAN,"Literacy rate, adult female (% of females ages 15 and above)",SE.ADT.LITR.FE.ZS,,,,,,,,,,,,,,,,,,,,,,,,,,,,,,,,,,,,,,,,,,,,,,,,,,,,,,,,,,,,,,,,,
Central Europe and the Baltics,CEB,"Literacy rate, adult female (% of females ages 15 and above)",SE.ADT.LITR.FE.ZS,,,,,,,,,,,,,,,,,,,,,,96.9991226196289,97.0323333740234,97.0661087036133,97.1183090209961,97.1619873046875,97.2062835693359,97.2604675292969,97.4032974243164,97.5007629394531,97.6005706787109,97.6947402954102,97.7855224609375,97.8657073974609,97.9456405639648,98.0220184326172,,,,,,,,,,,,,,,,,,99.1402969360352,99.169563293457,99.2072525024414,99.2277221679688,99.2595596313477,99.3820571899414,99.4093627929688,99.437629699707,99.4620971679688,99.4763793945312,,
Switzerland,CHE,"Literacy rate, adult female (% of females ages 15 and above)",SE.ADT.LITR.FE.ZS,,,,,,,,,,,,,,,,,,,,,,,,,,,,,,,,,,,,,,,,,,,,,,,,,,,,,,,,,,,,,,,,,
Channel Islands,CHI,"Literacy rate, adult female (% of females ages 15 and above)",SE.ADT.LITR.FE.ZS,,,,,,,,,,,,,,,,,,,,,,,,,,,,,,,,,,,,,,,,,,,,,,,,,,,,,,,,,,,,,,,,,
Chile,CHL,"Literacy rate, adult female (% of females ages 15 and above)",SE.ADT.LITR.FE.ZS,,,,,,,,,,,,,,,,,,,,,,,91,,,,,,,,,,94,,,,,,,,,,96,,,,,,,,,97,,96,,97,,96,,,,,97.120002746582,,
China,CHN,"Literacy rate, adult female (% of females ages 15 and above)",SE.ADT.LITR.FE.ZS,,,,,,,,,,,,,,,,,,,,,,,51,,,,,,,,68,,,,,,,,,,87,,,,,,,,,,93,,,,,,,,,,95,,,,
Cote d'Ivoire,CIV,"Literacy rate, adult female (% of females ages 15 and above)",SE.ADT.LITR.FE.ZS,,,,,,,,,,,,,,,,,,,,,,,,,,,,,23,,,,,,,,,,28,,39,,,,,,,,,,,,30.4617195129395,,37,,40.7476615905762,,,87,,40.2550888061523,,,
Cameroon,CMR,"Literacy rate, adult female (% of females ages 15 and above)",SE.ADT.LITR.FE.ZS,,,,,,,,,,,,,,,,,29,,,,,,,,,,,,,,,,,,,,,,,,59,,,,,,,63,,,65,,,,,,,,66.1617736816406,,73.120002746582,,,,
"Congo, Dem. Rep.",COD,"Literacy rate, adult female (% of females ages 15 and above)",SE.ADT.LITR.FE.ZS,,,,,,,,,,,,,,,,,,,,,,,,,,,,,,,,,,,,,,,,,,54,,,,,,46.1042518615723,,,,,63,,,,66,,61.600341796875,,,,71.7300033569336,,
"Congo, Rep.",COG,"Literacy rate, adult female (% of females ages 15 and above)",SE.ADT.LITR.FE.ZS,,,,,,,,,,,,,,,,,,,,,,,,,49,,,,,,,,,,,,,,,,,,,,,67,,,,,,72.8770599365234,,,,,,,,,,75.370002746582,,,
Colombia,COL,"Literacy rate, adult female (% of females ages 15 and above)",SE.ADT.LITR.FE.ZS,,,,,,,,,,,,,,,,,,,,,,,,,,,,,,,,,,91,,,91,,,,,,,,93,93,92,93,93,93,93,94,,,94,94,95,,95,95,96,,,,
Comoros,COM,"Literacy rate, adult female (% of females ages 15 and above)",SE.ADT.LITR.FE.ZS,,,,,,,,,,,,,,,,,,,,,40,,,,,,,,,,,,,,,,,,,,63,,,,,,,,,,,,42.6372909545898,,,,,,,,,,56.8699989318848,,
Cabo Verde,CPV,"Literacy rate, adult female (% of females ages 15 and above)",SE.ADT.LITR.FE.ZS,,,,,,,,,,,,,,,,,,,,,,,,,,,,,,,53,,,,,,,,,,69.4445571899414,,,,,,,,,,,,80,,,82,,,,,,,87.6100006103516,,
Costa Rica,CRI,"Literacy rate, adult female (% of females ages 15 and above)",SE.ADT.LITR.FE.ZS,,,,,,,,,,,,,,,,,,,,,,,,,93,,,,,,,,,,,,,,,,95,,,,,,,,,,,98,,,,,,,94.118766784668,,,98.0999984741211,,,
Caribbean small states,CSS,"Literacy rate, adult female (% of females ages 15 and above)",SE.ADT.LITR.FE.ZS,,,,,,,,,,,,,,,,,,,,,,,,,,,,,,,,,,88.9220199584961,88.9909286499023,89.2908630371094,89.5848083496094,89.8688812255859,90.1499633789062,90.4337615966797,90.7227020263672,90.9726333618164,91.1992568969727,91.4108428955078,91.6056594848633,91.8345413208008,91.9608383178711,92.5783996582031,92.7727432250977,,,,,,,,,,,,,,,,
Cuba,CUB,"Literacy rate, adult female (% of females ages 15 and above)",SE.ADT.LITR.FE.ZS,,,,,,,,,,,,,,,,,,,,,,,,,,,,,,,,,,,,,,,,,,,100,,,,,,,,,,100,,,,,,,96.3534317016602,,99.7171478271484,,,
Curacao,CUW,"Literacy rate, adult female (% of females ages 15 and above)",SE.ADT.LITR.FE.ZS,,,,,,,,,,,,,,,,,,,,,,,,,,,,,,,,,,,,,,,,,,,,,,,,,,,,,,,,,,,,,,,,,
Cayman Islands,CYM,"Literacy rate, adult female (% of females ages 15 and above)",SE.ADT.LITR.FE.ZS,,,,,,,,,,,,,,,,,,,,,,,,,,,,,,,,,,,,,,,,,,,,,,,,99,,,,,,,,,,99,,,,,,,
Cyprus,CYP,"Literacy rate, adult female (% of females ages 15 and above)",SE.ADT.LITR.FE.ZS,,,,,,,,,,,,,,,,,,,,,,,,,,,,,,,,,91,,,,,,,,,95,,,,,,,,,,98,,,,,,,,,,99.1500015258789,,,
Czechia,CZE,"Literacy rate, adult female (% of females ages 15 and above)",SE.ADT.LITR.FE.ZS,,,,,,,,,,,,,,,,,,,,,,,,,,,,,,,,,,,,,,,,,,,,,,,,,,,,,,,,,,,,,,,,,
Germany,DEU,"Literacy rate, adult female (% of females ages 15 and above)",SE.ADT.LITR.FE.ZS,,,,,,,,,,,,,,,,,,,,,,,,,,,,,,,,,,,,,,,,,,,,,,,,,,,,,,,,,,,,,,,,,
Djibouti,DJI,"Literacy rate, adult female (% of females ages 15 and above)",SE.ADT.LITR.FE.ZS,,,,,,,,,,,,,,,,,,,,,,,,,,,,,,,,,,,,,,,,,,,,,,,,,,,,,,,,,,,,,,,,,
Dominica,DMA,"Literacy rate, adult female (% of females ages 15 and above)",SE.ADT.LITR.FE.ZS,,,,,,,,,,,,,,,,,,,,,,,,,,,,,,,,,,,,,,,,,,,,,,,,,,,,,,,,,,,,,,,,,
Denmark,DNK,"Literacy rate, adult female (% of females ages 15 and above)",SE.ADT.LITR.FE.ZS,,,,,,,,,,,,,,,,,,,,,,,,,,,,,,,,,,,,,,,,,,,,,,,,,,,,,,,,,,,,,,,,,
Dominican Republic,DOM,"Literacy rate, adult female (% of females ages 15 and above)",SE.ADT.LITR.FE.ZS,,,,,,,,,,,,,,,,,,,,,,73,,,,,,,,,,,,,,,,,,,,,87,,,,,88,,,90,90,90,91,92,92,94,,,87.372673034668,,,95.5999984741211,,
Algeria,DZA,"Literacy rate, adult female (% of females ages 15 and above)",SE.ADT.LITR.FE.ZS,,,,,,,,,,,,,,,,,,,,,,,,,,,,36,,,,,,,,,,,,,,,60,,,,64,,68,,,,,,,,,,75.3229675292969,74.2101974487305,,,,,
East Asia & Pacific (excluding high income),EAP,"Literacy rate, adult female (% of females ages 15 and above)",SE.ADT.LITR.FE.ZS,,,,,,,,,,,,,,,,,49.9351806640625,50.1523284912109,51.6761703491211,53.4379196166992,55.0178108215332,56.5198516845703,57.9139595031738,59.2517700195312,60.685489654541,62.0498390197754,63.2267417907715,64.7203826904297,70.4422988891602,71.3926696777344,72.2718505859375,73.0925521850586,73.8778076171875,74.6324996948242,75.4328231811523,76.2424468994141,76.9634780883789,85.0124282836914,85.5623626708984,85.9904708862305,86.4837112426758,86.9706573486328,87.4592666625977,87.9780502319336,88.4117202758789,88.8684463500977,89.3567199707031,91.0501403808594,91.4657516479492,91.9042816162109,92.1824569702148,91.8830718994141,92.1989669799805,92.3468780517578,92.9701919555664,93.1938095092773,93.488899230957,93.791633605957,93.92529296875,94.4189300537109,94.6906585693359,94.89208984375,95.0957336425781,95.289436340332,
Early-demographic dividend,EAR,"Literacy rate, adult female (% of females ages 15 and above)",SE.ADT.LITR.FE.ZS,,,,,,,,,,,,,,,,37.3548011779785,37.6319007873535,38.3404083251953,39.0725402832031,39.7583618164062,40.4898681640625,41.2148094177246,41.9775810241699,42.7644081115723,43.7831993103027,44.5701904296875,45.3617095947266,46.3423690795898,46.720588684082,47.5346412658691,48.5691795349121,49.3738594055176,50.2319793701172,51.0471305847168,51.9679985046387,52.9874382019043,53.8701515197754,54.7390594482422,57.5786781311035,58.4230194091797,59.3237991333008,60.1137390136719,60.8010101318359,61.7117385864258,62.5539398193359,62.1905899047852,62.5313491821289,63.827880859375,64.9086380004883,65.8659591674805,68.1757965087891,68.3873062133789,68.7323226928711,69.5944290161133,70.6785888671875,71.7043228149414,72.5674667358398,72.9335174560547,73.5070266723633,73.9110717773438,74.5339736938477,75.0648803710938,75.7134628295898,76.3357620239258,
East Asia & Pacific,EAS,"Literacy rate, adult female (% of females ages 15 and above)",SE.ADT.LITR.FE.ZS,,,,,,,,,,,,,,,,,52.9263191223145,53.1723785400391,54.5682106018066,56.173469543457,57.6153907775879,58.9864311218262,60.2653999328613,61.4942817687988,62.8062782287598,64.055419921875,65.1162261962891,66.5240707397461,71.6329727172852,72.5109634399414,73.3238525390625,74.0843200683594,74.8060302734375,75.5037384033203,76.2617263793945,77.0280990600586,77.7007369995117,84.8733367919922,85.4015884399414,85.8446578979492,86.3198089599609,86.7910385131836,87.2851104736328,87.8226928710938,88.2631378173828,88.7313995361328,89.2144317626953,90.8036575317383,91.2227935791016,91.6461029052734,91.8562316894531,91.5229568481445,91.8424224853516,91.9915618896484,92.7011489868164,92.9411468505859,93.2339401245117,93.5327224731445,93.6723403930664,94.1887588500977,94.460319519043,94.6568832397461,94.8533477783203,95.0429000854492,
Europe & Central Asia (excluding high income),ECA,"Literacy rate, adult female (% of females ages 15 and above)",SE.ADT.LITR.FE.ZS,,,,,,,,,,,,,,,,,,,,,,,,,,,,,,90.0458984375,90.3442001342773,90.538818359375,90.7383575439453,90.9152526855469,91.0859527587891,91.2532577514648,91.6206436157227,91.8075714111328,92.1829605102539,92.415657043457,92.3821411132812,92.6148223876953,92.8419799804688,93.0611801147461,93.2535934448242,93.589973449707,93.4516372680664,93.7175064086914,93.9079513549805,95.3482513427734,96.1520309448242,96.7943572998047,97.1769866943359,97.3069686889648,97.4052886962891,97.4875030517578,97.6393280029297,97.8082504272461,97.8878936767578,98.0803604125977,98.1478729248047,98.2341384887695,98.311393737793,98.3591995239258,
Europe & Central Asia,ECS,"Literacy rate, adult female (% of females ages 15 and above)",SE.ADT.LITR.FE.ZS,,,,,,,,,,,,,,,,,,,,,,,,,,,,,,,,,,,94.4675369262695,94.6534423828125,94.8782272338867,95.0500106811523,95.2974700927734,95.4518280029297,95.4768295288086,95.6156234741211,95.7979202270508,95.9312973022461,96.0554504394531,96.1941070556641,96.2796478271484,96.3991165161133,96.5767211914062,96.9983291625977,97.2441177368164,97.4497528076172,97.5913162231445,97.6752090454102,97.7356185913086,97.7924118041992,97.8725891113281,97.9788208007812,98.0906372070312,98.1756362915039,98.2269973754883,98.2852096557617,98.3143920898438,98.3508224487305,
Ecuador,ECU,"Literacy rate, adult female (% of females ages 15 and above)",SE.ADT.LITR.FE.ZS,,,,,,,,,,,,,,,,,,,,,,,80,,,,,,,,86,,,,,,,,,,,90,,,,,,91,91,91,90,90,91,92,93,93,93,92,,,92,94,93,,
"Egypt, Arab Rep.",EGY,"Literacy rate, adult female (% of females ages 15 and above)",SE.ADT.LITR.FE.ZS,,,,,,,,,,,,,,,,,22,,,,,,,,,,31,,,,,,,,,,44,,,,,,,,,56,58,,,,64,,66,63,,,,66,,,,,68.9499969482422,,
Euro area,EMU,"Literacy rate, adult female (% of females ages 15 and above)",SE.ADT.LITR.FE.ZS,,,,,,,,,,,,,,,,,,,,,,,,,,,,,,,,,,,,,,,,,,,,,,,,,,,,,,,,,,,,,,,,,
Eritrea,ERI,"Literacy rate, adult female (% of females ages 15 and above)",SE.ADT.LITR.FE.ZS,,,,,,,,,,,,,,,,,,,,,,,,,,,,,,,,,,,,,,,,,,,40,,,,,,55,,,,,,,,,,68.9461898803711,,,,,,
Spain,ESP,"Literacy rate, adult female (% of females ages 15 and above)",SE.ADT.LITR.FE.ZS,,,,,,,,,,,,,,,,,,,,,,90,,,,,,,,,,95,,,,,,,,,,,,,96,97,97,97,97,97,97,97,97,97,97,98,98,,98,,98,,,,
Estonia,EST,"Literacy rate, adult female (% of females ages 15 and above)",SE.ADT.LITR.FE.ZS,,,,,,,,,,,,,,,,,,,,,,,,,,,,,,100,,,,,,,,,,,100,,,,,,,,,,,100,,,,,,,,,,99.879997253418,,,
Ethiopia,ETH,"Literacy rate, adult female (% of females ages 15 and above)",SE.ADT.LITR.FE.ZS,,,,,,,,,,,,,,,,,,,,,,,,,,,,,,,,,,,19,,,,,,,,,,22.7999992370605,17.9771995544434,,29,,,,,,,,,34.4190406799316,44.4233818054199,,40.3826713562012,,,,,
European Union,EUU,"Literacy rate, adult female (% of females ages 15 and above)",SE.ADT.LITR.FE.ZS,,,,,,,,,,,,,,,,,,,,,,,,,,,,,,,,,,,,,,,,,,,,,,,,,,,,,,,,,,,,,,,,,
Fragile and conflict affected situations,FCS,"Literacy rate, adult female (% of females ages 15 and above)",SE.ADT.LITR.FE.ZS,,,,,,,,,,,,,,,,,,,,,,,,,,,49.0557594299316,49.6236381530762,50.2035598754883,50.631908416748,51.2373695373535,51.5535202026367,51.8193893432617,52.0890998840332,52.7355499267578,53.2521705627441,53.7076683044434,54.3899688720703,55.060920715332,55.6824798583984,53.6383399963379,54.2649383544922,54.1939315795898,54.5534400939941,55.0578117370605,55.3965110778809,54.1495399475098,54.2341003417969,54.7046394348145,53.8899688720703,54.4053115844727,54.5414695739746,54.8405990600586,55.4872894287109,56.00830078125,56.4925918579102,57.1802787780762,57.9722785949707,57.9931411743164,58.7957382202148,58.7222213745117,58.8910102844238,59.0803298950195,59.0675582885742,
Finland,FIN,"Literacy rate, adult female (% of females ages 15 and above)",SE.ADT.LITR.FE.ZS,,,,,,,,,,,,,,,,,,,,,,,,,,,,,,,,,,,,,,,,,,,,,,,,,,,,,,,,,,,,,,,,,
Fiji,FJI,"Literacy rate, adult female (% of females ages 15 and above)",SE.ADT.LITR.FE.ZS,,,,,,,,,,,,,,,,,,,,,,,,,,,,,,,,,,,,,,,,,,,,,,,,,,,,,,,,,,,,,,92.4281463623047,,,
France,FRA,"Literacy rate, adult female (% of females ages 15 and above)",SE.ADT.LITR.FE.ZS,,,,,,,,,,,,,,,,,,,,,,,,,,,,,,,,,,,,,,,,,,,,,,,,,,,,,,,,,,,,,,,,,
Faroe Islands,FRO,"Literacy rate, adult female (% of females ages 15 and above)",SE.ADT.LITR.FE.ZS,,,,,,,,,,,,,,,,,,,,,,,,,,,,,,,,,,,,,,,,,,,,,,,,,,,,,,,,,,,,,,,,,
"Micronesia, Fed. Sts.",FSM,"Literacy rate, adult female (% of females ages 15 and above)",SE.ADT.LITR.FE.ZS,,,,,,,,,,,,,,,,,,,,,,,,,,,,,,,,,,,,,,,,,,,,,,,,,,,,,,,,,,,,,,,,,
Gabon,GAB,"Literacy rate, adult female (% of females ages 15 and above)",SE.ADT.LITR.FE.ZS,,,,,,,,,,,,,,,,,,,,,,,,,,,,,,,,,,65,,,,,,,,,,,,,,,,,,,79.8789672851562,,,,,,,,,87.0662002563477,85.0400009155273,,
United Kingdom,GBR,"Literacy rate, adult female (% of females ages 15 and above)",SE.ADT.LITR.FE.ZS,,,,,,,,,,,,,,,,,,,,,,,,,,,,,,,,,,,,,,,,,,,,,,,,,,,,,,,,,,,,,,,,,
Georgia,GEO,"Literacy rate, adult female (% of females ages 15 and above)",SE.ADT.LITR.FE.ZS,,,,,,,,,,,,,,,,,,,,,,,,,,,,,,,,,,,,,,,,,,,100,,,,,,,,,,,,100,,,99,99.6481781005859,,,,100,,
Ghana,GHA,"Literacy rate, adult female (% of females ages 15 and above)",SE.ADT.LITR.FE.ZS,,,,,,,,,,,,,,,,,,,,,,,,,,,,,,,,,,,,,,,,,50,,,,,,,,,,65,,,,,,,56.0202102661133,,,76.1900024414062,,,,
Gibraltar,GIB,"Literacy rate, adult female (% of females ages 15 and above)",SE.ADT.LITR.FE.ZS,,,,,,,,,,,,,,,,,,,,,,,,,,,,,,,,,,,,,,,,,,,,,,,,,,,,,,,,,,,,,,,,,
Guinea,GIN,"Literacy rate, adult female (% of females ages 15 and above)",SE.ADT.LITR.FE.ZS,,,,,,,,,,,,,,,,,,,,,,,,,,,,,,,,,,,,,10,,,,,,,18,,,,,,,12,,,,22,,23.9352493286133,,28,,,31.2700004577637,,,
"Gambia, The",GMB,"Literacy rate, adult female (% of females ages 15 and above)",SE.ADT.LITR.FE.ZS,,,,,,,,,,,,,,,,,,,,,,,,,,,,,,,,,,,,,,,,,25,,,,,,,,,,,,,33.5753517150879,,42,,,43.3483581542969,,,40.4522895812988,52.25,,
Guinea-Bissau,GNB,"Literacy rate, adult female (% of females ages 15 and above)",SE.ADT.LITR.FE.ZS,,,,,,,,,,,,,,,,,,,,9,,,,,,,,,,,,,,,,,,,,,27,,,,,,,,,,,,,,30.7685108184814,,,,,40.3379783630371,,,41,,
Equatorial Guinea,GNQ,"Literacy rate, adult female (% of females ages 15 and above)",SE.ADT.LITR.FE.ZS,,,,,,,,,,,,,,,,,,,,,,,,,,,,,,,,,,,,,,,,,82,,,,,,,,,,90.6760787963867,,,,,,,,,,,,,,
Greece,GRC,"Literacy rate, adult female (% of females ages 15 and above)",SE.ADT.LITR.FE.ZS,,,,,,,,,,,,,,,,,,,,,,85,,,,,,,,,,89,,,,,,,,,,94,,,,,,,,92,,,,,,,,,,,,,,,
Grenada,GRD,"Literacy rate, adult female (% of females ages 15 and above)",SE.ADT.LITR.FE.ZS,,,,,,,,,,,98,,,,,,,,,,98.3000030517578,,,,,,,,,,,,,,,,,,,,,,,,,,,,,,,,,,,,,,,,,,,,
Greenland,GRL,"Literacy rate, adult female (% of females ages 15 and above)",SE.ADT.LITR.FE.ZS,,,,,,,,,,,,,,,,,,,,,,,,,,,,,,,,,,,,,,,,,,,,,,,,,,,,,,,,,,,,,,,,,
Guatemala,GTM,"Literacy rate, adult female (% of females ages 15 and above)",SE.ADT.LITR.FE.ZS,,,,,,,,,,,,,,,,,,,,,,,,,,,,,,,,,,,57,,,,,,,,63,,,,,,,,,,72,72,76,75.1361923217773,,,77,,,,78.6087493896484,,
Guam,GUM,"Literacy rate, adult female (% of females ages 15 and above)",SE.ADT.LITR.FE.ZS,,,,,,,,,,,,,,,,,,,,,96,,,,,,,,,,99,,,,,,,,,,99.5699996948242,,,,,,,,,,,,,,,,,,,,,,,,
Guyana,GUY,"Literacy rate, adult female (% of females ages 15 and above)",SE.ADT.LITR.FE.ZS,,,,,,,,,,,,,,,,,,,,,,,,,,,,,,,,,,,,,,,,,,,,,,,,,,87.2519836425781,,,,,85.0346069335938,,,,,,86.8998336791992,,89.6600036621094,,
High income,HIC,"Literacy rate, adult female (% of females ages 15 and above)",SE.ADT.LITR.FE.ZS,,,,,,,,,,,,,,,,,,,,,,,,,,,,,,,,,,,,,,,,,,,,,,,,,,,,,,,,,,,,,,,,,
"Hong Kong SAR, China",HKG,"Literacy rate, adult female (% of females ages 15 and above)",SE.ADT.LITR.FE.ZS,,,,,,,,,,,,,,,,,,,,,,,,,,,,,,,,,,,,,,,,,,,,,,,,,,,,,,,,,,,,,,,,,
Honduras,HND,"Literacy rate, adult female (% of females ages 15 and above)",SE.ADT.LITR.FE.ZS,,,,,,,,,,,,,,,,,,,,,,,,,,,,,,,,,,,,,,,,,,80,,,,,,83,,,85,85,85,85,87,88,89,,87,89,,,,,
Heavily indebted poor countries (HIPC),HPC,"Literacy rate, adult female (% of females ages 15 and above)",SE.ADT.LITR.FE.ZS,,,,,,,,,,,,,,,,,,,,,,,,,,,32.7025909423828,33.3619613647461,33.8446388244629,34.464599609375,35.086971282959,35.5340385437012,35.9281311035156,36.3877410888672,36.9095611572266,37.2690887451172,37.9316291809082,38.865650177002,39.3017501831055,40.0975494384766,41.1893692016602,42.2231483459473,42.244701385498,43.0299491882324,43.5509185791016,43.935230255127,42.3223686218262,43.9621696472168,44.3913993835449,44.6898498535156,46.1805305480957,48.4520301818848,50.0422782897949,51.1417083740234,52.1377410888672,52.9059982299805,53.8140602111816,55.1596908569336,56.9196891784668,57.3472290039062,57.7105293273926,58.3485107421875,58.9537582397461,59.445930480957,
Croatia,HRV,"Literacy rate, adult female (% of females ages 15 and above)",SE.ADT.LITR.FE.ZS,,,,,,,,,,,,,,,,,,,,,,,,,,,,,,,,95,,,,,,,,,,97,,,,,,,,,,,,,,,,,,,,99.2399978637695,,,
Haiti,HTI,"Literacy rate, adult female (% of females ages 15 and above)",SE.ADT.LITR.FE.ZS,,,,,,,,,,,,,,,,,,,,,,,33,,,,,,,,,,,,,,,,,,,,,55,,,44.5994491577148,,,,,,,,,,58.3005218505859,63.8743209838867,,,,,,,
Hungary,HUN,"Literacy rate, adult female (% of females ages 15 and above)",SE.ADT.LITR.FE.ZS,,,,,,,,,,,,,,,,,,,,,98,,,,,,,,,,98.8000030517578,,,,,,,,,,,,,,,,,,,,,,,,,,,,,,,99.0999984741211,,,
IBRD only,IBD,"Literacy rate, adult female (% of females ages 15 and above)",SE.ADT.LITR.FE.ZS,,,,,,,,,,,,,,,,50.6502685546875,50.8727912902832,51.2799301147461,52.3293190002441,53.4527282714844,54.5172080993652,55.5488510131836,56.5419998168945,57.5197906494141,58.6656188964844,59.6726913452148,60.5918617248535,61.6435317993164,64.4910888671875,65.3109893798828,66.1874084472656,66.8461685180664,67.5160293579102,68.1252822875977,68.7619400024414,69.4453277587891,70.0962524414062,74.2135162353516,75.7675628662109,76.2659225463867,76.7907180786133,77.2893829345703,77.8230133056641,78.4969024658203,79.0157775878906,78.85205078125,79.3115768432617,80.5228118896484,81.1361999511719,81.5836868286133,82.6300811767578,83.0376815795898,83.5049362182617,83.8226623535156,84.3642196655273,84.6835327148438,84.9838485717773,85.2584533691406,85.5801467895508,85.6885986328125,86.0542068481445,86.3677062988281,86.7789077758789,87.1676483154297,
IDA & IBRD total,IBT,"Literacy rate, adult female (% of females ages 15 and above)",SE.ADT.LITR.FE.ZS,,,,,,,,,,,,,,,,47.5999488830566,47.7967414855957,48.1804809570312,49.1010284423828,50.0893096923828,51.0275688171387,51.937198638916,52.8203315734863,53.6939010620117,54.7179908752441,55.6312217712402,56.4697303771973,57.4508209228516,59.9383087158203,60.7278518676758,61.5775299072266,62.2090911865234,62.8451995849609,63.4368705749512,64.0782699584961,64.7531967163086,65.3990631103516,68.9121704101562,70.3898010253906,70.9259872436523,71.2205276489258,71.7464904785156,72.2334899902344,72.8534393310547,73.3681869506836,73.2476501464844,73.3795013427734,74.4173965454102,74.9826736450195,75.3708801269531,76.5336990356445,76.9010162353516,77.2070388793945,77.652458190918,78.2534027099609,78.7801284790039,79.3039093017578,79.6049118041992,80.0602722167969,80.2699584960938,80.5646514892578,80.8622970581055,81.2246322631836,81.5577926635742,
IDA total,IDA,"Literacy rate, adult female (% of females ages 15 and above)",SE.ADT.LITR.FE.ZS,,,,,,,,,,,,,,,,,,,,,,34.5158081054688,34.8682899475098,35.239128112793,35.6759796142578,36.1365699768066,36.5860214233398,37.2266006469727,37.9772415161133,38.6203384399414,39.3410491943359,39.9666900634766,40.615421295166,41.314338684082,42.2081108093262,43.0610885620117,43.8941802978516,44.8454284667969,46.1753807067871,47.1303787231445,46.6376800537109,47.5605201721191,48.0789413452148,48.6844100952148,49.4048004150391,49.6843490600586,48.6713600158691,49.2826690673828,49.9463500976562,50.3816184997559,52.3255500793457,52.8460884094238,52.8432388305664,54.0561599731445,55.1335296630859,56.7267913818359,58.3417015075684,59.0443382263184,60.2859191894531,61.1665115356445,61.5386581420898,62.0894584655762,62.6076583862305,63.079891204834,
IDA blend,IDB,"Literacy rate, adult female (% of females ages 15 and above)",SE.ADT.LITR.FE.ZS,,,,,,,,,,,,,,,,,,,,,36.3711814880371,36.7092094421387,37.0882186889648,37.4572486877441,37.8307304382324,38.2086486816406,38.6030197143555,39.3770217895508,40.1779899597168,40.8172988891602,41.6764183044434,42.5327796936035,43.464771270752,44.5341300964355,45.4254989624023,46.3541793823242,47.4113082885742,48.4611206054688,49.4837188720703,50.5296592712402,46.9897804260254,47.9043006896973,48.8137092590332,48.9613189697266,49.8862686157227,49.5476112365723,50.4376602172852,49.5793800354004,50.522289276123,51.3270797729492,51.9972190856934,52.7205085754395,53.5262985229492,53.5276794433594,54.8578681945801,55.8170700073242,56.7651100158691,56.7264289855957,57.6613807678223,58.0456199645996,58.5747909545898,59.0729598999023,59.5557708740234,60.0448684692383,
Indonesia,IDN,"Literacy rate, adult female (% of females ages 15 and above)",SE.ADT.LITR.FE.ZS,,,,,,,,,,,,,,,,,,,,,58,,,,,,,,,,75,,,,,,,,,,,,,,87,,89,,89,90,,90,,,93,93,94,,94,,95,,,,
IDA only,IDX,"Literacy rate, adult female (% of females ages 15 and above)",SE.ADT.LITR.FE.ZS,,,,,,,,,,,,,,,,,,,,,,33.4686508178711,33.808479309082,34.1801795959473,34.6472702026367,35.1473388671875,35.6230812072754,36.1999588012695,36.9265785217285,37.5714797973633,38.2261199951172,38.7351303100586,39.2430610656738,39.7740097045898,40.6672592163086,41.4849700927734,42.2046585083008,43.1004104614258,44.5716705322266,45.4778785705566,46.4659805297852,47.3915481567383,47.7164688110352,48.5481910705566,49.1680717468262,49.7515983581543,47.8036994934082,49.1370086669922,49.6634902954102,49.9167289733887,52.4871482849121,52.9079208374023,52.507511138916,54.3152694702148,55.2683906555176,57.1703910827637,59.1085205078125,60.1667709350586,61.5540504455566,62.6696701049805,62.9617195129395,63.5345497131348,64.0677719116211,64.5311889648438,
Isle of Man,IMN,"Literacy rate, adult female (% of females ages 15 and above)",SE.ADT.LITR.FE.ZS,,,,,,,,,,,,,,,,,,,,,,,,,,,,,,,,,,,,,,,,,,,,,,,,,,,,,,,,,,,,,,,,,
India,IND,"Literacy rate, adult female (% of females ages 15 and above)",SE.ADT.LITR.FE.ZS,,,,,,,,,,,,,,,,,,,,,,26,,,,,,,,,,34,,,,,,,,,,48,,,,,51,,,,,59,,,,,,,,,,,69,70,
Not classified,INX,"Literacy rate, adult female (% of females ages 15 and above)",SE.ADT.LITR.FE.ZS,,,,,,,,,,,,,,,,,,,,,,,,,,,,,,,,,,,,,,,,,,,,,,,,,,,,,,,,,,,,,,,,,
Ireland,IRL,"Literacy rate, adult female (% of females ages 15 and above)",SE.ADT.LITR.FE.ZS,,,,,,,,,,,,,,,,,,,,,,,,,,,,,,,,,,,,,,,,,,,,,,,,,,,,,,,,,,,,,,,,,
"Iran, Islamic Rep.",IRN,"Literacy rate, adult female (% of females ages 15 and above)",SE.ADT.LITR.FE.ZS,,,,,,,,,,,,,,,,,24,,,,,,,,,,41,,,,,56,,,,,66,,,,,,70,,,77,77,,78,,,,78,80,80,,81,,,,,,84.870002746582,,
Iraq,IRQ,"Literacy rate, adult female (% of females ages 15 and above)",SE.ADT.LITR.FE.ZS,,,,,,,,,,,,,,,,,,,,,,,,,,,,,,,,,,,,,,,,,64,,,,,,,,,,,,69,,75,,77,80,76.2786636352539,,,,,,
Iceland,ISL,"Literacy rate, adult female (% of females ages 15 and above)",SE.ADT.LITR.FE.ZS,,,,,,,,,,,,,,,,,,,,,,,,,,,,,,,,,,,,,,,,,,,,,,,,,,,,,,,,,,,,,,,,,
Israel,ISR,"Literacy rate, adult female (% of females ages 15 and above)",SE.ADT.LITR.FE.ZS,,,,,,,,,,,,,,,,,,,,,,,,89,,,,,,,,,,,,,,,,,,,,,,,,,,,,,,,,,,,,,,,,,
Italy,ITA,"Literacy rate, adult female (% of females ages 15 and above)",SE.ADT.LITR.FE.ZS,,,,,,,,,,,,,,,,,,,,,,96,,,,,,,,,,,,,,,,,,,,98,,,,,,,,,,99,,,,,,,,99,,,,,
Jamaica,JAM,"Literacy rate, adult female (% of females ages 15 and above)",SE.ADT.LITR.FE.ZS,,,,,,,,,,,,,,,,,,,,,,,,,,,,,,,,,,,,,,,,86,,,,,,,,,,,,,,,,,,,,,,,90.8148727416992,,
Jordan,JOR,"Literacy rate, adult female (% of females ages 15 and above)",SE.ADT.LITR.FE.ZS,,,,,,,,,,,,,,,,,,,,52,,,,,,,,,,,,,,,,,,,,,,,,85,,87,,89,,,89,94,97,,,,,,94.1569595336914,,,,,92,
Japan,JPN,"Literacy rate, adult female (% of females ages 15 and above)",SE.ADT.LITR.FE.ZS,,,,,,,,,,,,,,,,,,,,,,,,,,,,,,,,,,,,,,,,,,,,,,,,,,,,,,,,,,,,,,,,,
Kazakhstan,KAZ,"Literacy rate, adult female (% of females ages 15 and above)",SE.ADT.LITR.FE.ZS,,,,,,,,,,,,,,,,,,,,,,,,,,,,,,96,,,,,,,,,,99,,,,,,,,,,100,99.7389907836914,,,,,,,,,,99.8000030517578,,,,
Kenya,KEN,"Literacy rate, adult female (% of females ages 15 and above)",SE.ADT.LITR.FE.ZS,,,,,,,,,,,,,,,,,,,,,,,,,,,,,,,,,,,,,,,,,78,,,,,,,66.8631210327148,,,,,,,74.0063171386719,,,,,,,,80.2699966430664,,
Kyrgyz Republic,KGZ,"Literacy rate, adult female (% of females ages 15 and above)",SE.ADT.LITR.FE.ZS,,,,,,,,,,,,,,,,,,,,,,,,,,,,,,,,,,,,,,,,98,,,,,,,,,,99,,,,,,,,,,99.5,,,,,
Cambodia,KHM,"Literacy rate, adult female (% of females ages 15 and above)",SE.ADT.LITR.FE.ZS,,,,,,,,,,,,,,,,,,,,,,,,,,,,,,,,,,,,,,,57,,,,,,64,,,,70,69,,,,,72,75,,,,,,63.6409111022949,79.6500015258789,,
Kiribati,KIR,"Literacy rate, adult female (% of females ages 15 and above)",SE.ADT.LITR.FE.ZS,,,,,,,,,,,,,,,,,,,,,,,,,,,,,,,,,,,,,,,,,,,,,,,,,,,,,,,,,,,98.6115112304688,,,,,,
St. Kitts and Nevis,KNA,"Literacy rate, adult female (% of females ages 15 and above)",SE.ADT.LITR.FE.ZS,,,,,,,,,,,,,,,,,,,,,,,,,,,,,,,,,,,,,,,,,,,,,,,,,,,,,,,,,,,,,,,,,
"Korea, Rep.",KOR,"Literacy rate, adult female (% of females ages 15 and above)",SE.ADT.LITR.FE.ZS,,,,,,,,,,,,,,,,,,,,,,,,,,,,,,,,,,,,,,,,,,,,,,,,,98,,,,,,,,,,98.4000015258789,,,,,,
Kuwait,KWT,"Literacy rate, adult female (% of females ages 15 and above)",SE.ADT.LITR.FE.ZS,,,,,,,,,,,,,,,,48,,,,,59,,,,,69,,,,,,,,,,74,,,,,,,,,,91,91,92,92,,93,,95,94,,94,,95,95,,95,,,,
Latin America & Caribbean (excluding high income),LAC,"Literacy rate, adult female (% of females ages 15 and above)",SE.ADT.LITR.FE.ZS,,,,,,,,,,,,,,,74.8664779663086,74.8897094726562,75.3757171630859,75.9159393310547,76.4907989501953,77.0197601318359,77.5036087036133,78.0322570800781,78.5474624633789,79.0539169311523,79.5495910644531,80.035758972168,80.5136108398438,80.8101806640625,81.3798217773438,81.9356231689453,82.3838195800781,83.0635223388672,83.7399673461914,84.3888168334961,85.0252227783203,85.6565475463867,86.0962219238281,86.3761978149414,86.7826538085938,87.1758422851562,87.5532531738281,87.6823577880859,88.0182723999023,88.7823104858398,89.1201324462891,88.7517395019531,88.9044570922852,90.122673034668,90.4724197387695,90.7022476196289,90.7395324707031,91.5349884033203,91.9759674072266,91.9687118530273,92.5126419067383,92.5973892211914,93.0779724121094,93.1452484130859,93.370002746582,93.5746078491211,93.6383514404297,93.8697814941406,94.037353515625,94.1992568969727,
Lao PDR,LAO,"Literacy rate, adult female (% of females ages 15 and above)",SE.ADT.LITR.FE.ZS,,,,,,,,,,,,,,,,,,,,,,,,,,,,,,,,,,,,48,,,,,58,61,,,,63,,,,,,49.7230796813965,,,,79,,,,,,,83.370002746582,,
Lebanon,LBN,"Literacy rate, adult female (% of females ages 15 and above)",SE.ADT.LITR.FE.ZS,,,,,,,,,,,,,,,,,,,,,,,,,,,,,,,,,,,,,,,,,,,,,,,,86,,88,,,,,,,,,90,,,,,,
Liberia,LBR,"Literacy rate, adult female (% of females ages 15 and above)",SE.ADT.LITR.FE.ZS,,,,,,,,,,,,,,,,,,,,,,,,,19,,,,,,,,,,,,,,,,,,,,,,,27.0349102020264,,,,,,,,,,34.0922584533691,,,,,,,
Libya,LBY,"Literacy rate, adult female (% of females ages 15 and above)",SE.ADT.LITR.FE.ZS,,,,,,,,,,,,,,,,,,,,,,,,,42,,,,,,,,,,63.7000007629395,,,,,,,,,,,,,,,,,,,,,,,,,,,,,,
St. Lucia,LCA,"Literacy rate, adult female (% of females ages 15 and above)",SE.ADT.LITR.FE.ZS,,,,,,,,,,,,,,,,,,,,,,,,,,,,,,,,,,,,,,,,,,,,,,,,,,,,,,,,,,,,,,,,,
Latin America & Caribbean,LCN,"Literacy rate, adult female (% of females ages 15 and above)",SE.ADT.LITR.FE.ZS,,,,,,,,,,,,,,,75.9799194335938,76.0022277832031,76.4456024169922,76.9680023193359,77.5310516357422,78.0511703491211,78.5284805297852,79.0435104370117,79.5451889038086,80.0381927490234,80.520263671875,80.992561340332,81.4562683105469,81.7453994750977,82.3494491577148,82.9044494628906,83.3322219848633,83.9629211425781,84.5907287597656,85.1944885253906,85.7858428955078,86.3721008300781,86.7865524291992,87.060676574707,87.4570083618164,87.82470703125,88.1842727661133,88.3169021606445,88.6347122192383,89.3313064575195,89.6518402099609,89.3398666381836,89.5406265258789,90.7268676757812,91.0545196533203,91.2600936889648,91.2537002563477,91.9491271972656,92.3573379516602,92.3406372070312,92.8852615356445,92.9796600341797,93.4474868774414,93.4989318847656,93.7052536010742,93.8907775878906,93.9520568847656,94.1651382446289,94.3220901489258,94.4765701293945,
Least developed countries: UN classification,LDC,"Literacy rate, adult female (% of females ages 15 and above)",SE.ADT.LITR.FE.ZS,,,,,,,,,,,,,,,,,,,,,,29.5031700134277,29.83669090271,30.2013206481934,30.6598091125488,31.1520099639893,31.6161804199219,32.1944999694824,32.9348297119141,33.5694999694824,34.2313919067383,34.7485198974609,35.2405815124512,35.789421081543,36.743221282959,37.7472305297852,38.4643287658691,39.3873405456543,40.9749488830566,41.9281883239746,42.7820892333984,43.7628402709961,44.0654716491699,44.9481010437012,45.6014518737793,46.1992492675781,44.0000114440918,45.2425689697266,45.7178916931152,46.3741989135742,48.9755592346191,49.4341316223145,48.984001159668,51.0599517822266,52.1030082702637,54.1871185302734,56.2880210876465,57.4794082641602,57.9440498352051,59.1696395874023,59.5096397399902,60.2000617980957,60.8404006958008,61.3816986083984,
Low income,LIC,"Literacy rate, adult female (% of females ages 15 and above)",SE.ADT.LITR.FE.ZS,,,,,,,,,,,,,,,,,,,,,,,,,,,,,35.7952117919922,36.2281188964844,36.7596092224121,37.0270614624023,37.2138404846191,37.4961395263672,37.8657302856445,38.2984809875488,38.8050498962402,39.6609497070312,40.402759552002,41.050708770752,41.6878509521484,42.4987602233887,42.1754112243652,42.8109092712402,43.166088104248,43.6273498535156,41.7581901550293,43.2131690979004,44.2454490661621,44.7389602661133,45.5759086608887,48.0861015319824,48.5568885803223,49.5067481994629,49.9809112548828,50.9287185668945,51.9512596130371,53.3047485351562,53.3277015686035,53.6645317077637,53.9129409790039,54.5760612487793,55.1924514770508,55.7443199157715,
Liechtenstein,LIE,"Literacy rate, adult female (% of females ages 15 and above)",SE.ADT.LITR.FE.ZS,,,,,,,,,,,,,,,,,,,,,,,,,,,,,,,,,,,,,,,,,,,,,,,,,,,,,,,,,,,,,,,,,
Sri Lanka,LKA,"Literacy rate, adult female (% of females ages 15 and above)",SE.ADT.LITR.FE.ZS,,,,,,,,,,,,,,,,,,,,,,82,,,,,,,,,,,,,,,,,,,,89,,,,,89,,89,,90,,,,,,91,91,91,92,92,92,92,,
Lower middle income,LMC,"Literacy rate, adult female (% of females ages 15 and above)",SE.ADT.LITR.FE.ZS,,,,,,,,,,,,,,,,31.6221408843994,31.7480392456055,32.3599510192871,33.0080604553223,33.6744117736816,34.3267402648926,34.9710006713867,35.6565895080566,36.2877998352051,37.0206298828125,37.7636489868164,38.3351211547852,39.3738212585449,39.5968017578125,40.4434089660645,41.3103713989258,42.1770210266113,43.0553817749023,43.8736610412598,44.844409942627,45.8046417236328,46.744571685791,47.708911895752,50.9404716491699,51.8674812316895,52.1195602416992,53.0787086486816,54.0183410644531,55.0194206237793,55.9456596374512,55.3785095214844,55.7310485839844,56.5589790344238,57.391529083252,58.2235412597656,60.9461708068848,61.4856491088867,62.033260345459,63.1235198974609,64.1640090942383,65.4094772338867,66.3911514282227,67.0491790771484,68.1514587402344,68.4591522216797,69.2241821289062,69.9624404907227,70.7207717895508,71.4219284057617,
Low & middle income,LMY,"Literacy rate, adult female (% of females ages 15 and above)",SE.ADT.LITR.FE.ZS,,,,,,,,,,,,,,,,46.7770004272461,46.9760894775391,47.3626594543457,48.2956695556641,49.297908782959,50.2494812011719,51.1720085144043,52.0677909851074,52.9538497924805,53.9935302734375,54.9202690124512,55.7709083557129,56.7689399719238,59.29248046875,60.088939666748,60.9499893188477,61.5967788696289,62.2470703125,62.851749420166,63.5065116882324,64.1954574584961,64.8551712036133,68.4349822998047,69.939826965332,70.4912567138672,70.789680480957,71.3273391723633,71.8285903930664,72.4624328613281,72.9883499145508,72.8681564331055,72.9990997314453,74.0482177734375,74.6257934570312,75.0185012817383,76.209831237793,76.5884017944336,76.9013824462891,77.3580627441406,77.9653472900391,78.5051116943359,79.0310668945312,79.3409805297852,79.8054122924805,80.0236129760742,80.3301696777344,80.6311492919922,81.0017318725586,81.3233184814453,
Lesotho,LSO,"Literacy rate, adult female (% of females ages 15 and above)",SE.ADT.LITR.FE.ZS,,,,,,,,,,,,,,,,,,,,,,,,,,,,,,,,,,,,,,,,,92,,,,,,,,,84.9639587402344,,,,,84.9348907470703,,,,91.7942276000977,,,,89.7600021362305,,
Late-demographic dividend,LTE,"Literacy rate, adult female (% of females ages 15 and above)",SE.ADT.LITR.FE.ZS,,,,,,,,,,,,,,,,,58.2189788818359,58.3570213317871,59.6021385192871,61.0341300964355,62.3116188049316,63.5324401855469,64.6701583862305,65.7528228759766,66.9200973510742,68.0536193847656,69.0318908691406,70.0684814453125,74.8624267578125,75.6563034057617,76.3864822387695,77.0625381469727,77.7093276977539,78.3248596191406,78.9257202148438,79.536979675293,80.1270217895508,86.949348449707,87.4426727294922,87.8346099853516,88.1921081542969,88.5968399047852,88.9813232421875,89.462043762207,89.8139038085938,90.1844787597656,90.5514984130859,91.9520797729492,92.2506713867188,92.640007019043,92.8477401733398,93.3227691650391,93.5727996826172,93.6652297973633,93.9091033935547,94.0946426391602,94.3862762451172,94.6338882446289,94.8361892700195,95.0135269165039,95.1848297119141,95.3573303222656,95.5273895263672,95.690559387207,
Lithuania,LTU,"Literacy rate, adult female (% of females ages 15 and above)",SE.ADT.LITR.FE.ZS,,,,,,,,,,,,,,,,,,,,,,,,,,,,,,98,,,,,,,,,,,,100,,,,,,,,,,100,,,,,,,,,,99.8499984741211,,,
Luxembourg,LUX,"Literacy rate, adult female (% of females ages 15 and above)",SE.ADT.LITR.FE.ZS,,,,,,,,,,,,,,,,,,,,,,,,,,,,,,,,,,,,,,,,,,,,,,,,,,,,,,,,,,,,,,,,,
Latvia,LVA,"Literacy rate, adult female (% of females ages 15 and above)",SE.ADT.LITR.FE.ZS,,,,,,,,,,,,,,,,,,,,,,,,,,,,,,99,,,,,,,,,,,100,,,,,,,,,,,100,,,,,,,,,,99.9100036621094,,,
"Macao SAR, China",MAC,"Literacy rate, adult female (% of females ages 15 and above)",SE.ADT.LITR.FE.ZS,,,,,,,,,,,,,,,,,,,,,,86,,,,,,,,,,,,,,,,,,,,88,,,,,91,,,,,94,,,,,95,,,,,95.879997253418,,,
St. Martin (French part),MAF,"Literacy rate, adult female (% of females ages 15 and above)",SE.ADT.LITR.FE.ZS,,,,,,,,,,,,,,,,,,,,,,,,,,,,,,,,,,,,,,,,,,,,,,,,,,,,,,,,,,,,,,,,,
Morocco,MAR,"Literacy rate, adult female (% of females ages 15 and above)",SE.ADT.LITR.FE.ZS,,,,,,,,,,,,,,,,,,,,,,,18,,,,,,,,,,,,29,,,,,,,,,,40,,,,43,44,,58,59,,53,,,,,,,,69.0800018310547,,
Monaco,MCO,"Literacy rate, adult female (% of females ages 15 and above)",SE.ADT.LITR.FE.ZS,,,,,,,,,,,,,,,,,,,,,,,,,,,,,,,,,,,,,,,,,,,,,,,,,,,,,,,,,,,,,,,,,
Moldova,MDA,"Literacy rate, adult female (% of females ages 15 and above)",SE.ADT.LITR.FE.ZS,,,,,,,,,,,,,,,,,,,,,,,,,,,,,,94,,,,,,,,,,,95,,,,,,,,,,,,,,99,,,,,,,99.5,,,
Madagascar,MDG,"Literacy rate, adult female (% of females ages 15 and above)",SE.ADT.LITR.FE.ZS,,,,,,,,,,,,,,,,,,,,,,,,,,,,,,,,,,,,,,,,,65,,,,,55,,,,61.6414108276367,,,68,,,,,,75,,,71.7537612915039,76.0299987792969,,
Maldives,MDV,"Literacy rate, adult female (% of females ages 15 and above)",SE.ADT.LITR.FE.ZS,,,,,,,,,,,,,,,,,,82,,,,,,,,92,,,,,96,,,,,96,,,,,96,,,,,,98,,,,,,,,99,,98,94.9146194458008,,98.2551879882812,,98.4100036621094,,,
Middle East & North Africa,MEA,"Literacy rate, adult female (% of females ages 15 and above)",SE.ADT.LITR.FE.ZS,,,,,,,,,,,,,,,29.3330001831055,29.8581104278564,30.399019241333,31.019100189209,31.7428207397461,32.514518737793,33.3633804321289,34.2269287109375,35.212230682373,36.2855491638184,37.374439239502,38.4574012756348,39.546028137207,40.6330986022949,41.8159790039062,43.0008316040039,45.7060012817383,47.0366897583008,48.3487396240234,48.9220314025879,50.0711708068848,51.9755897521973,53.3722915649414,54.7637901306152,56.2225914001465,57.6296882629395,58.9530715942383,60.3362083435059,61.6569709777832,63.9267997741699,65.0543594360352,65.9251022338867,65.7394027709961,66.6721496582031,68.9289321899414,67.7266235351562,68.4610595703125,69.232551574707,69.9536895751953,70.7403717041016,71.226432800293,71.9916076660156,71.0434722900391,71.6356735229492,72.0980224609375,72.5779571533203,73.0613403320312,73.5906295776367,74.0603408813477,74.4934692382812,
Mexico,MEX,"Literacy rate, adult female (% of females ages 15 and above)",SE.ADT.LITR.FE.ZS,,,,,,,,,,,,,,,,,,,,,80,,,,,,,,,,85,,,,,,,,,,89,,89,,90,90,90,91,91,92,92,92,93,93,94,93,94,94,95,,94,,,,
Marshall Islands,MHL,"Literacy rate, adult female (% of females ages 15 and above)",SE.ADT.LITR.FE.ZS,,,,,,,,,,,,,,,,,,,,,,,,,,,,,,,,,,,,,,,,,,,,,,,,,,,,98,,,,,,,,,,,,,
Middle income,MIC,"Literacy rate, adult female (% of females ages 15 and above)",SE.ADT.LITR.FE.ZS,,,,,,,,,,,,,,,,47.707950592041,47.9103698730469,48.3074493408203,49.2844200134277,50.334529876709,51.329891204834,52.2935600280762,53.228099822998,54.1492385864258,55.234489440918,56.1973609924316,57.0825881958008,58.1120681762695,60.7687492370605,61.5880584716797,62.4698104858398,63.1403884887695,63.8271713256836,64.4704132080078,65.1564178466797,65.8776626586914,66.5597534179688,70.3277816772461,71.8905563354492,72.4497680664062,72.7409133911133,73.2731628417969,73.8471221923828,74.5051422119141,75.0654373168945,74.9259796142578,75.2248229980469,76.2801895141602,76.8558120727539,77.2734603881836,78.5253372192383,78.7750473022461,79.1110916137695,79.5577621459961,80.1996002197266,80.7364120483398,81.2518997192383,81.5136032104492,82.0518035888672,82.3033828735352,82.6615371704102,82.9748992919922,83.3676605224609,83.7181091308594,
North Macedonia,MKD,"Literacy rate, adult female (% of females ages 15 and above)",SE.ADT.LITR.FE.ZS,,,,,,,,,,,,,,,,,,,,,,,,,,,,,,,,,,,91,,,,,,,,94,,,,,,,,,,96.4000015258789,,,,,,97.7797393798828,,,,,,
Mali,MLI,"Literacy rate, adult female (% of females ages 15 and above)",SE.ADT.LITR.FE.ZS,,,,,,,,,,,,,,,,,6,,,,,,,,,,,,,,,,,,,,,,12,,,,,16,,,18,,,,20,19,,,,22,,,26,,22,,,,
Malta,MLT,"Literacy rate, adult female (% of females ages 15 and above)",SE.ADT.LITR.FE.ZS,,,,,,,,,,,,,,,,,,,,,,,,,,87,,,,,,,,,,89,,,,,,,,,,94,,,,,,95,,,,,,,,,,96.4199981689453,,,
Myanmar,MMR,"Literacy rate, adult female (% of females ages 15 and above)",SE.ADT.LITR.FE.ZS,,,,,,,,,,,,,,,,,,,,,,,,72,,,,,,,,,,,,,,,,,86,,,,,,,,,,,,,,,,71.8469924926758,,,86,,,,,
Middle East & North Africa (excluding high income),MNA,"Literacy rate, adult female (% of females ages 15 and above)",SE.ADT.LITR.FE.ZS,,,,,,,,,,,,,25.0855293273926,25.5720195770264,26.0783004760742,26.6405696868896,27.2224102020264,27.8789596557617,28.6531600952148,29.4482593536377,30.3653793334961,31.300630569458,32.281909942627,33.443920135498,34.5995788574219,35.7770805358887,36.9618186950684,38.1484413146973,39.3382987976074,40.5328712463379,43.4154586791992,44.8930511474609,46.2084693908691,46.7094612121582,47.8387794494629,49.8226013183594,51.2504997253418,52.6767387390137,54.1214790344238,55.5533790588379,56.8886184692383,58.3152503967285,59.6269989013672,61.9834785461426,63.151611328125,64.0413208007812,63.6839408874512,64.5603485107422,66.9091873168945,65.3731002807617,66.0334777832031,66.4258422851562,67.2870864868164,68.2288970947266,68.696418762207,69.5011825561523,68.4047927856445,68.9960327148438,69.4806518554688,70.0149307250977,70.4440994262695,70.9716873168945,71.5294570922852,72.005729675293,
Montenegro,MNE,"Literacy rate, adult female (% of females ages 15 and above)",SE.ADT.LITR.FE.ZS,,,,,,,,,,,,,,,,,,,,,,83,,,,,,,,,,98,,,,,,,,,,,,96,,,,,,,,98,,,,,,,97.9482269287109,,,98.5400009155273,,,
Mongolia,MNG,"Literacy rate, adult female (% of females ages 15 and above)",SE.ADT.LITR.FE.ZS,,,,,,,,,,,,,,,,,,,,,,,,,,,,,,,,,,,,,,,,,98,,,,,,,,,,98,,,,,,,,97.9979705810547,,99,,,,
Northern Mariana Islands,MNP,"Literacy rate, adult female (% of females ages 15 and above)",SE.ADT.LITR.FE.ZS,,,,,,,,,,,,,,,,,,,,,,,,,,,,,,,,,,,,,,,,,,,,,,,,,,,,,,,,,,,,,,,,,
Mozambique,MOZ,"Literacy rate, adult female (% of females ages 15 and above)",SE.ADT.LITR.FE.ZS,,,,,,,,,,,,,,,,,,,,,12,,,,,,,,,,,,,,,,,25,,,,,,33,,,,,,36,,,,,,43,,50,,,49,,,,
Mauritania,MRT,"Literacy rate, adult female (% of females ages 15 and above)",SE.ADT.LITR.FE.ZS,,,,,,,,,,,,,,,,,,,,,,,,,,,,,,,,,,,,,,,,,43,,,,,,,35.3484306335449,,,,,,57,,57.4347305297852,,,,,51.8120994567871,62.1699981689453,,,
Mauritius,MUS,"Literacy rate, adult female (% of females ages 15 and above)",SE.ADT.LITR.FE.ZS,,,,,,,,,,,,,,,,,,,,,,,,,,,,,,,75,,,,,,,,,,81,,,,,,,,,,,87,89,89,90,91,91,,,,,90.4599990844727,,,
Malawi,MWI,"Literacy rate, adult female (% of females ages 15 and above)",SE.ADT.LITR.FE.ZS,,,,,,,,,,,,,,,,,,,,,,,,,,,,34,,,,,,,,,,,54,,,,,,,,,,,,51.2519683837891,,,,55.130989074707,55.2041091918945,,,,,62.6842613220215,,65.0899963378906,,
Malaysia,MYS,"Literacy rate, adult female (% of females ages 15 and above)",SE.ADT.LITR.FE.ZS,,,,,,,,,,,,,,,,,,,,,61,,,,,,,,,,,77,,,,,,,,,,,,,,,,,,,91,,,,,,93,94,94,94,,,95,,
North America,NAC,"Literacy rate, adult female (% of females ages 15 and above)",SE.ADT.LITR.FE.ZS,,,,,,,,,,,,,,,,,,,,,,,,,,,,,,,,,,,,,,,,,,,,98.5432586669922,98.5586700439453,98.5711898803711,98.5914535522461,98.6036987304688,98.6305313110352,,,,,,,,,98.7181015014648,98.7260131835938,98.732536315918,98.7386093139648,98.7469329833984,98.7488708496094,,
Namibia,NAM,"Literacy rate, adult female (% of females ages 15 and above)",SE.ADT.LITR.FE.ZS,,,,,,,,,,,,,,,,,,,,,,,,,,,,,,,,74,,,,,,,,,,84,,,,,,78.3509826660156,,,,88,,,,,,,,,,92.3300018310547,,,
New Caledonia,NCL,"Literacy rate, adult female (% of females ages 15 and above)",SE.ADT.LITR.FE.ZS,,,,,,,,,,,,,,,,,90,,,,,,,,,,,,,92,,,,,,,95,,,,,,,,,,96.9000015258789,,,,,,,,,,,,,,,,,,
Niger,NER,"Literacy rate, adult female (% of females ages 15 and above)",SE.ADT.LITR.FE.ZS,,,,,,,,,,,,,,,,,,,,,,,,,,,,,,,,,,,,,,,,,,9,,,,15,,,,,,,23,,,,,,,,,,29.7000007629395,,
Nigeria,NGA,"Literacy rate, adult female (% of females ages 15 and above)",SE.ADT.LITR.FE.ZS,,,,,,,,,,,,,,,,,,,,,,,,,,,,,,,,44,,,,,,,,,,,,43,,,64,,41.3867607116699,,,,,,,,49.0559501647949,,52.6564788818359,,,53.25244140625,,,
Nicaragua,NIC,"Literacy rate, adult female (% of females ages 15 and above)",SE.ADT.LITR.FE.ZS,,,,,,,,,,,,,,,,,,,,,,,,,,,,,,,,,,,,,,,,,,77,,,,78,,,,,,,,,,82.7793502807617,,,,,,,,,
Netherlands,NLD,"Literacy rate, adult female (% of females ages 15 and above)",SE.ADT.LITR.FE.ZS,,,,,,,,,,,,,,,,,,,,,,,,,,,,,,,,,,,,,,,,,,,,,,,,,,,,,,,,,,,,,,,,,
Norway,NOR,"Literacy rate, adult female (% of females ages 15 and above)",SE.ADT.LITR.FE.ZS,,,,,,,,,,,,,,,,,,,,,,,,,,,,,,,,,,,,,,,,,,,,,,,,,,,,,,,,,,,,,,,,,
Nepal,NPL,"Literacy rate, adult female (% of females ages 15 and above)",SE.ADT.LITR.FE.ZS,,,,,,,,,,,,,,,,,,,,,,9,,,,,,,,,,17,,,,,,,,,,35,,,,,,,,,,49,,,,,55.7490501403809,,,59.4137191772461,,63.3300018310547,,,
Nauru,NRU,"Literacy rate, adult female (% of females ages 15 and above)",SE.ADT.LITR.FE.ZS,,,,,,,,,,,,,,,,,,,,,,,,,,,,,,,,,,,,,,,,,,,,,,,,,,,,,,,,,,,,,,,,,
New Zealand,NZL,"Literacy rate, adult female (% of females ages 15 and above)",SE.ADT.LITR.FE.ZS,,,,,,,,,,,,,,,,,,,,,,,,,,,,,,,,,,,,,,,,,,,,,,,,,,,,,,,,,,,,,,,,,
OECD members,OED,"Literacy rate, adult female (% of females ages 15 and above)",SE.ADT.LITR.FE.ZS,,,,,,,,,,,,,,,,,,,,,,,,,,,,,,,,,,,,,,,,,,,,,,,,,,,,,,,,,,,,,96.6091766357422,,,,
Oman,OMN,"Literacy rate, adult female (% of females ages 15 and above)",SE.ADT.LITR.FE.ZS,,,,,,,,,,,,,,,,,,,,,,,,,,,,,,,,,,,,,,,,,,,,74,,,,,81,,82,,,,,86,,92,93,,,,95,,
Other small states,OSS,"Literacy rate, adult female (% of females ages 15 and above)",SE.ADT.LITR.FE.ZS,,,,,,,,,,,,,,,,,,,,,,,,,67.1471862792969,67.4823989868164,67.8891830444336,68.4847717285156,69.5726089477539,70.3037109375,70.914909362793,71.308837890625,71.6549224853516,72.1672134399414,72.4965286254883,72.8957901000977,73.5185699462891,74.0489196777344,74.7796783447266,75.3600463867188,75.2136306762695,75.7852325439453,76.5529327392578,77.2199935913086,77.8532333374023,78.4730529785156,78.1866073608398,77.7889099121094,78.5494918823242,77.8503494262695,78.2458877563477,78.8643264770508,79.3610229492188,79.7500915527344,80.1802978515625,80.8243026733398,81.255256652832,81.7024688720703,82.11181640625,82.5192031860352,82.8848266601562,83.2243270874023,83.4377517700195,83.7849273681641,
Pakistan,PAK,"Literacy rate, adult female (% of females ages 15 and above)",SE.ADT.LITR.FE.ZS,,,,,,,,,,,,,,,,,,,,,,15,,,,,,,,,,,,,,,,,29,,,,,,,35,40,38,40,40,41,42,43,42,44,,,46,45,46,,,,,
Panama,PAN,"Literacy rate, adult female (% of females ages 15 and above)",SE.ADT.LITR.FE.ZS,,,,,,,,,,,,,,,,,,,,,88,,,,,,,,,,88,,,,,,,,,,91,,,,,,,,,,93,,,,,,,,95,95,,,,,
Peru,PER,"Literacy rate, adult female (% of females ages 15 and above)",SE.ADT.LITR.FE.ZS,,,,,,,,,,,,,,,,,,,,,,74,,,,,,,,,,,,82,,,,,,,,,,,82,82,83,85,,,,,91,,90,91,91,91,92,,92,,,,
Philippines,PHL,"Literacy rate, adult female (% of females ages 15 and above)",SE.ADT.LITR.FE.ZS,,,,,,,,,,,,,,,,,,,,,83,,,,,,,,,,93,,,,95,,,,,,93,,,94,,,,,96,,,,,97,,98,,,,97,99,,97.0015029907227,,
Palau,PLW,"Literacy rate, adult female (% of females ages 15 and above)",SE.ADT.LITR.FE.ZS,,,,,,,,,,,,,,,,,,,,,91,,,,,,,,,,,,,,,,,,,,,,,,,,,,,,,,,100,,96,,,,,,,,,
Papua New Guinea,PNG,"Literacy rate, adult female (% of females ages 15 and above)",SE.ADT.LITR.FE.ZS,,,,,,,,,,,,,,,,,,,,,,,,,,,,,,,,,,,,,,,,,51,,,,,,,,,,57.9000015258789,,,,,,,61.5507888793945,,,,,,,
Poland,POL,"Literacy rate, adult female (% of females ages 15 and above)",SE.ADT.LITR.FE.ZS,,,,,,,,,,,,,,,,,,,98,,,,,,,,,,99,,,,,,,,,,,,,,,,,,,,,,,,,,,,,,,,,99.8000030517578,,,
Pre-demographic dividend,PRE,"Literacy rate, adult female (% of females ages 15 and above)",SE.ADT.LITR.FE.ZS,,,,,,,,,,,,,,,,,,,,,,,,,,,36.3266792297363,37.0977897644043,37.7486114501953,38.5173110961914,39.2178916931152,39.8047714233398,40.3786392211914,41.0080108642578,41.7285003662109,42.3439712524414,43.2214508056641,44.3054618835449,44.9764213562012,45.9284896850586,44.0108795166016,45.1035194396973,46.1293601989746,46.903678894043,47.5103492736816,47.199089050293,46.1156311035156,45.3380317687988,45.7337188720703,44.5751419067383,45.6080017089844,47.6782417297363,49.1119117736816,50.1249694824219,51.0248184204102,51.8170204162598,52.668098449707,53.9563407897949,55.8156204223633,56.2528305053711,56.6447296142578,57.2521286010742,57.8782081604004,58.4050712585449,
Puerto Rico,PRI,"Literacy rate, adult female (% of females ages 15 and above)",SE.ADT.LITR.FE.ZS,,,,,,,,,,,,,,,,,,,,,86,,,,,,,,,,90,,,,,,,,,,,,,,,,,,,,93,,,,,,,92,,,,92.4000015258789,,,
"Korea, Dem. People's Rep.",PRK,"Literacy rate, adult female (% of females ages 15 and above)",SE.ADT.LITR.FE.ZS,,,,,,,,,,,,,,,,,,,,,,,,,,,,,,,,,,,,,,,,,,,,,,,,,100,,,,,,,,,,99.9976119995117,,,,,,
Portugal,PRT,"Literacy rate, adult female (% of females ages 15 and above)",SE.ADT.LITR.FE.ZS,,,,,,,,,,,,,,,,,,,,,,75,,,,,,,,,,85,,,,,,,,,,,,,,,,,,,,93,,,,,,,,,,95.9199981689453,,,
Paraguay,PRY,"Literacy rate, adult female (% of females ages 15 and above)",SE.ADT.LITR.FE.ZS,,,,,,,,,,,,,,,,,,,,,,,76,,,,,,,,,,89,,,,,,,,,,,,,,,93,92,93,93,,94,94,94,95,94,,94,93,94,,,,
West Bank and Gaza,PSE,"Literacy rate, adult female (% of females ages 15 and above)",SE.ADT.LITR.FE.ZS,,,,,,,,,,,,,,,,,,,,,,,,,,,,,,,,,,,,,,80,,,,,,,89,,90,90,91,91,92,92,93,94,94,95,95,95,96,96,96,,97,,
Pacific island small states,PSS,"Literacy rate, adult female (% of females ages 15 and above)",SE.ADT.LITR.FE.ZS,,,,,,,,,,,,,,,,,,,,,,,,,,,,,,,,,,,,,,,,,,,,,,,,,,,,,,,,,,,,,,,,,
Post-demographic dividend,PST,"Literacy rate, adult female (% of females ages 15 and above)",SE.ADT.LITR.FE.ZS,,,,,,,,,,,,,,,,,,,,,,,,,,,,,,,,,,,,,,,,,,,,,,,,,,,,,,,,,,,,,,,,,
French Polynesia,PYF,"Literacy rate, adult female (% of females ages 15 and above)",SE.ADT.LITR.FE.ZS,,,,,,,,,,,,,,,,,,,,,,,,,,,,,,,,,,,,,,,,,,,,,,,,,,,,,,,,,,,,,,,,,
Qatar,QAT,"Literacy rate, adult female (% of females ages 15 and above)",SE.ADT.LITR.FE.ZS,,,,,,,,,,,,,,,,,,,,,,,,,,,72,,,,,,,,,,,81,,,,,,,89,,,90,93,93,95,96,96,97,98,,,,,,,,,,
Romania,ROU,"Literacy rate, adult female (% of females ages 15 and above)",SE.ADT.LITR.FE.ZS,,,,,,,,,,,,,,,,,,,,,,,,,,,,,,,,,95,,,,,,,,,,96,,,,,,,,,98,,,,,,,,,,99,,,
Russian Federation,RUS,"Literacy rate, adult female (% of females ages 15 and above)",SE.ADT.LITR.FE.ZS,,,,,,,,,,,,,,,,,,,,,,,,,,,,,,97,,,,,,,,,,,,,99,,,,,,,,100,,,,,,,,,,,100,,,
Rwanda,RWA,"Literacy rate, adult female (% of females ages 15 and above)",SE.ADT.LITR.FE.ZS,,,,,,,,,,,,,,,,,,,27,,,,,,,,,,,,,,,,,,,,,,60,,,,,,,,,,61.5486106872559,,65,,66,,,,69,,77.8100891113281,,77,,
South Asia,SAS,"Literacy rate, adult female (% of females ages 15 and above)",SE.ADT.LITR.FE.ZS,,,,,,,,,,,,,,,,21.274169921875,21.277250289917,22.0148296356201,22.7707195281982,23.540979385376,24.284049987793,24.9996204376221,25.7807807922363,26.5774803161621,27.3861999511719,28.2024707794189,29.0315704345703,29.8734703063965,29.8611793518066,30.7882499694824,31.7026100158691,32.6067695617676,33.5255889892578,34.4439392089844,35.3673515319824,36.3256797790527,37.3126487731934,38.3096199035645,42.8381118774414,43.8919486999512,44.9287490844727,45.9582786560059,46.9998512268066,47.8515281677246,48.8937492370605,48.0866203308105,48.6133499145508,49.7670516967773,50.9046401977539,51.9638710021973,55.7607383728027,56.7229690551758,56.8456916809082,58.0865287780762,59.1513786315918,60.6964912414551,62.2699699401855,62.9833908081055,63.7836494445801,63.6927909851074,64.6005630493164,65.5572967529297,66.5561218261719,67.4998779296875,
Saudi Arabia,SAU,"Literacy rate, adult female (% of females ages 15 and above)",SE.ADT.LITR.FE.ZS,,,,,,,,,,,,,,,,,,,,,,,,,,,,,,,,,57,,,,,,,,69,,,,76,,,,,,,,,91,,,,93,,,96,,,,
Sudan,SDN,"Literacy rate, adult female (% of females ages 15 and above)",SE.ADT.LITR.FE.ZS,,,,,,,,,,,,,,,,,,,,,,,,,,,,,,,,,,,,,,,,,52,,,,,,,,47,,,,,,,,,,56.0632286071777,,,,,,
Senegal,SEN,"Literacy rate, adult female (% of females ages 15 and above)",SE.ADT.LITR.FE.ZS,,,,,,,,,,,,,,,,,,,,,,,,,,,,,18,,,,,,,,,,,,,,29,,,,33,,,37,,40,,34,,35.1685104370117,37.6722793579102,40,40.578800201416,38.5151901245117,,,47.0800018310547,,
Singapore,SGP,"Literacy rate, adult female (% of females ages 15 and above)",SE.ADT.LITR.FE.ZS,,,,,,,,,,,,,,,,,,,,,74,,,,,,,,,,83,,,,,,,,,,89,,,,,,,,,,94,94,94,95,95,95,95,96,96,96,96,96,,,
Solomon Islands,SLB,"Literacy rate, adult female (% of females ages 15 and above)",SE.ADT.LITR.FE.ZS,,,,,,,,,,,,,,,,,,,,,,,,,,,,,,,,,,,,,,,,69,,,,,,,,,,,,,,,,,,,,,,,,,
Sierra Leone,SLE,"Literacy rate, adult female (% of females ages 15 and above)",SE.ADT.LITR.FE.ZS,,,,,,,,,,,,,,,,,,,,,,,,,,,,,,,,,,,,,,,,,,,,,24,,,,,,,,,24.8566799163818,,,,36.2379913330078,,33.942211151123,,,41.310001373291,,
El Salvador,SLV,"Literacy rate, adult female (% of females ages 15 and above)",SE.ADT.LITR.FE.ZS,,,,,,,,,,,,,,,,,,,,,,,,,,,,,,,,,71,,,,,,,,,,,,,,81,80,81,82,82,83,,85,,86,86,87,87,87,89,,,88,
San Marino,SMR,"Literacy rate, adult female (% of females ages 15 and above)",SE.ADT.LITR.FE.ZS,,,,,,,,,,,,,,,,,,,,,,,,,,,,,,,,,,,,,,,,,,,,,,,,,,,,,,,,,,,,,,,100,,
Somalia,SOM,"Literacy rate, adult female (% of females ages 15 and above)",SE.ADT.LITR.FE.ZS,,,,,,,,,,,,,3.68717002868652,,,,,,,,,,,,,,,,,,,,,,,,,,,,,,,,,,,,,,,,,,,,,,,,,,44,,
Serbia,SRB,"Literacy rate, adult female (% of females ages 15 and above)",SE.ADT.LITR.FE.ZS,,,,,,,,,,,,,,,,,,,,,,,,,,,,,,,,,,,,,,,,,,,,94,,,,,,,,97,,,,,98,,,99,,,,,
Sub-Saharan Africa (excluding high income),SSA,"Literacy rate, adult female (% of females ages 15 and above)",SE.ADT.LITR.FE.ZS,,,,,,,,,,,,,,,,,,,,,,,,,,39.1187286376953,39.5011787414551,40.1931800842285,40.7831687927246,41.3766899108887,42.1051788330078,42.4428291320801,43.0291595458984,43.7805595397949,44.5528793334961,45.1804504394531,46.0622901916504,47.1424217224121,47.8527412414551,48.764461517334,47.3392486572266,48.2938194274902,48.5487594604492,49.3130302429199,49.977668762207,49.7925186157227,48.9709815979004,49.1843681335449,49.5908393859863,50.1145210266113,51.0536994934082,52.8676910400391,54.2010116577148,55.1475982666016,56.0730285644531,56.8557815551758,57.672679901123,58.1956787109375,60.0403900146484,60.8932914733887,61.1645317077637,61.2423706054688,61.6872787475586,62.055061340332,
South Sudan,SSD,"Literacy rate, adult female (% of females ages 15 and above)",SE.ADT.LITR.FE.ZS,,,,,,,,,,,,,,,,,,,,,,,,,,,,,,,,,,,,,,,,,,,,,,,,,19,,,,,,,,,,28.8642597198486,,,,,,
Sub-Saharan Africa,SSF,"Literacy rate, adult female (% of females ages 15 and above)",SE.ADT.LITR.FE.ZS,,,,,,,,,,,,,,,,,,,,,,,,,,39.1263008117676,39.5087814331055,40.2007484436035,40.7907409667969,41.3842582702637,42.1127281188965,42.4503517150879,43.0365104675293,43.7877502441406,44.5599403381348,45.1874313354492,46.0691604614258,47.1491584777832,47.8593482971191,48.7709312438965,47.3460006713867,48.3004112243652,48.5553016662598,49.319450378418,49.983959197998,49.7987899780273,48.9773406982422,49.1906585693359,49.5970001220703,50.1205711364746,51.0595893859863,52.8732986450195,54.2064094543457,55.1528205871582,56.0780601501465,56.8606605529785,57.6773910522461,58.2002601623535,60.0446891784668,60.8974304199219,61.1685791015625,61.2463302612305,61.6911201477051,62.058780670166,
Small states,SST,"Literacy rate, adult female (% of females ages 15 and above)",SE.ADT.LITR.FE.ZS,,,,,,,,,,,,,,,,,,,,,,,,,,,,74.2067489624023,74.9846572875977,75.5173721313477,75.9667205810547,76.2107696533203,76.4372787475586,76.8060836791992,77.0309829711914,77.3764801025391,77.8708190917969,78.30078125,78.8684463500977,79.3335113525391,79.3312301635742,79.7881774902344,80.3766403198242,80.8918304443359,81.3821563720703,81.8629684448242,81.6776885986328,81.521598815918,82.0863723754883,81.6096420288086,81.8711929321289,82.3114166259766,82.6052398681641,82.8021697998047,83.1012496948242,83.5541763305664,83.8637313842773,84.1823196411133,84.474853515625,84.7841110229492,85.0407409667969,85.2913284301758,85.4476165771484,,
Sao Tome and Principe,STP,"Literacy rate, adult female (% of females ages 15 and above)",SE.ADT.LITR.FE.ZS,,,,,,,,,,,,,,,,,,,,,,42,,,,,,,,,,62,,,,,,,,,,78,,,,,,,60.0830307006836,,,,85,,,,,,,82.7525329589844,,,91.0699996948242,,
Suriname,SUR,"Literacy rate, adult female (% of females ages 15 and above)",SE.ADT.LITR.FE.ZS,,,,,,,,,,,,,,,,,,,,,,,,,,,,,,,,,,,,,,,,,,,,,87,,,,94,,94,,91,,,,,,,,,93.4000015258789,,,
Slovak Republic,SVK,"Literacy rate, adult female (% of females ages 15 and above)",SE.ADT.LITR.FE.ZS,,,,,,,,,,,,,,,,,,,,,,,,,,,,,,,,,,,,,,,,,,,,,,,,,,,,,,,,,,,,,,,,,
Slovenia,SVN,"Literacy rate, adult female (% of females ages 15 and above)",SE.ADT.LITR.FE.ZS,,,,,,,,,,,,,,,,,,,,,,,,,,,,,,,,99,,,,,,,,,,99.5999984741211,,,,,,,,,,,,,,,,,,,,,,,
Sweden,SWE,"Literacy rate, adult female (% of females ages 15 and above)",SE.ADT.LITR.FE.ZS,,,,,,,,,,,,,,,,,,,,,,,,,,,,,,,,,,,,,,,,,,,,,,,,,,,,,,,,,,,,,,,,,
Eswatini,SWZ,"Literacy rate, adult female (% of females ages 15 and above)",SE.ADT.LITR.FE.ZS,,,,,,,,,,,,,,,,,54,,,,,,,,,,65,,,,,,,,,,,,,,80,,,,,,,,,,82.4475479125977,,,,,,,,,,89.4700012207031,,90.4126586914062,,
Sint Maarten (Dutch part),SXM,"Literacy rate, adult female (% of females ages 15 and above)",SE.ADT.LITR.FE.ZS,,,,,,,,,,,,,,,,,,,,,,,,,,,,,,,,,,,,,,,,,,,,,,,,,,,,,,,,,,,,,,,,,
Seychelles,SYC,"Literacy rate, adult female (% of females ages 15 and above)",SE.ADT.LITR.FE.ZS,,,,,,,,,,,,,,,,,,,,,,,,,,,,85,,,,,,,89,,,,,,,,92,,,,,,,,94,,,,,,,,,,96.6999969482422,,,,
Syrian Arab Republic,SYR,"Literacy rate, adult female (% of females ages 15 and above)",SE.ADT.LITR.FE.ZS,,,,,,,,,,,,,,,,,,,,,,37,,,,,,,,,,,,,,,,,,,,,74,,74,,,,,,,,,,80.9000015258789,,,,,,,92,,,
Turks and Caicos Islands,TCA,"Literacy rate, adult female (% of females ages 15 and above)",SE.ADT.LITR.FE.ZS,,,,,,,,,,,,,,,,,,,,,,,,,,,,,,,,,,,,,,,,,,,,,,,,,,,,,,,,,,,,,,,,,
Chad,TCD,"Literacy rate, adult female (% of females ages 15 and above)",SE.ADT.LITR.FE.ZS,,,,,,,,,,,,,,,,,,,,,,,,,,,,,,,,,,5,,,,,,,13,,,,18,,,,,,,,,,,13.9334096908569,14,,,18.6425495147705,,,18.8700008392334,,
East Asia & Pacific (IDA & IBRD countries),TEA,"Literacy rate, adult female (% of females ages 15 and above)",SE.ADT.LITR.FE.ZS,,,,,,,,,,,,,,,,,49.2014389038086,49.4217796325684,50.9679489135742,52.7555084228516,54.3585586547852,55.8826103210449,57.2971496582031,58.6545715332031,60.1092910766602,61.4936485290527,62.6877899169922,64.2033309936523,70.0090866088867,70.973388671875,71.8654632568359,72.699348449707,73.4972686767578,74.2639312744141,75.0766372680664,75.8992309570312,76.6330032348633,84.7990188598633,85.3586502075195,85.7942886352539,86.2959213256836,86.7906112670898,87.2875671386719,87.8151473999023,88.2556915283203,88.7195892333984,89.2154083251953,90.9317398071289,91.3531494140625,91.7976989746094,92.0797271728516,91.7765808105469,92.0967636108398,92.2467575073242,92.8783493041992,93.1049728393555,93.4040908813477,93.7109069824219,93.8464889526367,94.3467330932617,94.6221923828125,94.8264465332031,95.0329437255859,95.2293701171875,
Europe & Central Asia (IDA & IBRD countries),TEC,"Literacy rate, adult female (% of females ages 15 and above)",SE.ADT.LITR.FE.ZS,,,,,,,,,,,,,,,,,,,,,,,,91.6857986450195,92.6586685180664,92.8974685668945,93.1389236450195,93.3821868896484,93.6546401977539,93.7811889648438,94.0136566162109,94.1902236938477,94.3624496459961,94.5267181396484,94.6878433227539,94.8494491577148,95.094367980957,95.2531661987305,95.7154388427734,95.8154830932617,95.8181762695312,95.943733215332,96.0656509399414,96.1843032836914,96.2853469848633,96.4536666870117,96.3966369628906,96.5292510986328,96.6995086669922,97.4484329223633,97.8379592895508,98.1526184082031,98.3438262939453,98.4123306274414,98.4671096801758,98.5182266235352,98.5977783203125,98.6860198974609,98.819450378418,98.9179534912109,98.9534225463867,99.0002365112305,99.0364379882812,99.0769119262695,
Togo,TGO,"Literacy rate, adult female (% of females ages 15 and above)",SE.ADT.LITR.FE.ZS,,,,,,,,,,,,,,,,,,,,,,,,,,,,,,,,,,,,,,,,,38,,,,,,44,,,44,,48,,,,51,,,,55,,,,,
Thailand,THA,"Literacy rate, adult female (% of females ages 15 and above)",SE.ADT.LITR.FE.ZS,,,,,,,,,,,,,,,,,,,,,84,,,,,,,,,,,,,,,,,,,,91,,,,,92,,,,,96,,,92,,91,92.681022644043,,92,90.1832962036133,,92.8000030517578,91.4859619140625,,
Tajikistan,TJK,"Literacy rate, adult female (% of females ages 15 and above)",SE.ADT.LITR.FE.ZS,,,,,,,,,,,,,,,,,,,,,,,,,,,,,,97,,,,,,,,,,,99,,,,,,,,,,99.5999984741211,,,,,,,94.6219482421875,,,,,,,
Turkmenistan,TKM,"Literacy rate, adult female (% of females ages 15 and above)",SE.ADT.LITR.FE.ZS,,,,,,,,,,,,,,,,,,,,,,,,,,,,,,,,,,,,98,,,,,,,,,,99.1999969482422,,,,,,,,,,,,,,99.6492919921875,,,,,
Latin America & the Caribbean (IDA & IBRD countries),TLA,"Literacy rate, adult female (% of females ages 15 and above)",SE.ADT.LITR.FE.ZS,,,,,,,,,,,,,,,75.1483612060547,75.1715698242188,75.6297378540039,76.1704864501953,76.7536010742188,77.292106628418,77.7861404418945,78.3192596435547,78.8385925292969,79.3490676879883,79.8482666015625,80.3373718261719,80.8175430297852,81.1062774658203,81.7340927124023,82.3109970092773,82.7555236816406,83.4175567626953,84.0768280029297,84.7113418579102,85.3329086303711,85.9488525390625,86.3856811523438,86.676399230957,87.092643737793,87.4782409667969,87.8553085327148,87.9952621459961,88.3267135620117,89.0497512817383,89.3830032348633,89.0618286132812,89.2715835571289,90.4984893798828,90.8379669189453,91.053337097168,91.0480804443359,91.7666702270508,92.1891632080078,92.1730804443359,92.7347030639648,92.8390884399414,93.3219680786133,93.3761215209961,93.5894470214844,93.7814102172852,93.8450775146484,94.0656509399414,94.2283477783203,94.3881301879883,
Timor-Leste,TLS,"Literacy rate, adult female (% of females ages 15 and above)",SE.ADT.LITR.FE.ZS,,,,,,,,,,,,,,,,,,,,,,,,,,,,,,,,,,,,,,,,,,30,,,,,,43,,,53,,,,,,59.6047592163086,,,,66.5,,,,
Middle East & North Africa (IDA & IBRD countries),TMN,"Literacy rate, adult female (% of females ages 15 and above)",SE.ADT.LITR.FE.ZS,,,,,,,,,,,,,24.6529693603516,25.1435604095459,25.6541004180908,26.2210998535156,26.8078193664551,27.4699001312256,28.2506103515625,29.0524005889893,29.9772396087646,30.9203491210938,31.9098796844482,33.0816688537598,34.2470512390137,35.4344482421875,36.6291618347168,37.8257484436035,39.0256195068359,40.2302398681641,43.1370811462402,44.6261901855469,45.950008392334,46.4418983459473,47.5661888122559,49.554759979248,50.9828910827637,52.4099884033203,53.8565483093262,55.2925300598145,56.6311988830566,58.0623817443848,59.3623695373535,61.7332992553711,62.9054489135742,63.7964782714844,63.4260406494141,64.304573059082,66.6686477661133,65.1082000732422,65.769172668457,66.1594161987305,67.0170135498047,67.9606781005859,68.4273529052734,69.2343902587891,68.1202697753906,68.7119827270508,69.1947479248047,69.7298889160156,70.1619873046875,70.6903533935547,71.2479934692383,71.7244033813477,
Tonga,TON,"Literacy rate, adult female (% of females ages 15 and above)",SE.ADT.LITR.FE.ZS,,,,,,,,,,,,,,,,,100,,,,,,,,,,,,,,,,,,,,99,,,,,,,,,,99,,,,,99,,,,,,,,97.5791702270508,,99.5,,,
South Asia (IDA & IBRD),TSA,"Literacy rate, adult female (% of females ages 15 and above)",SE.ADT.LITR.FE.ZS,,,,,,,,,,,,,,,,21.274169921875,21.277250289917,22.0148296356201,22.7707195281982,23.540979385376,24.284049987793,24.9996204376221,25.7807807922363,26.5774803161621,27.3861999511719,28.2024707794189,29.0315704345703,29.8734703063965,29.8611793518066,30.7882499694824,31.7026100158691,32.6067695617676,33.5255889892578,34.4439392089844,35.3673515319824,36.3256797790527,37.3126487731934,38.3096199035645,42.8381118774414,43.8919486999512,44.9287490844727,45.9582786560059,46.9998512268066,47.8515281677246,48.8937492370605,48.0866203308105,48.6133499145508,49.7670516967773,50.9046401977539,51.9638710021973,55.7607383728027,56.7229690551758,56.8456916809082,58.0865287780762,59.1513786315918,60.6964912414551,62.2699699401855,62.9833908081055,63.7836494445801,63.6927909851074,64.6005630493164,65.5572967529297,66.5561218261719,67.4998779296875,
Sub-Saharan Africa (IDA & IBRD countries),TSS,"Literacy rate, adult female (% of females ages 15 and above)",SE.ADT.LITR.FE.ZS,,,,,,,,,,,,,,,,,,,,,,,,,,39.1263008117676,39.5087814331055,40.2007484436035,40.7907409667969,41.3842582702637,42.1127281188965,42.4503517150879,43.0365104675293,43.7877502441406,44.5599403381348,45.1874313354492,46.0691604614258,47.1491584777832,47.8593482971191,48.7709312438965,47.3460006713867,48.3004112243652,48.5553016662598,49.319450378418,49.983959197998,49.7987899780273,48.9773406982422,49.1906585693359,49.5970001220703,50.1205711364746,51.0595893859863,52.8732986450195,54.2064094543457,55.1528205871582,56.0780601501465,56.8606605529785,57.6773910522461,58.2002601623535,60.0446891784668,60.8974304199219,61.1685791015625,61.2463302612305,61.6911201477051,62.058780670166,
Trinidad and Tobago,TTO,"Literacy rate, adult female (% of females ages 15 and above)",SE.ADT.LITR.FE.ZS,,,,,,,,,,,,,,,,,,,,,93,,,,,,,,,,96,,,,,,,,,,97.0999984741211,,,,,,,,,,,,,,,,,,,,,,93.8321380615234,,
Tunisia,TUN,"Literacy rate, adult female (% of females ages 15 and above)",SE.ADT.LITR.FE.ZS,,,,,,,,,,,,,,,,,,,,,,,,,36,,,,,,,,,,,,,,,,,,,,65,,,69,69,,71,72,72,,72,,,,71.5483627319336,74,,,78.2611312866211,,
Turkiye,TUR,"Literacy rate, adult female (% of females ages 15 and above)",SE.ADT.LITR.FE.ZS,,,,,,,,,,,,,,,,45,,,,,50,,,,,64,,,,,69,,,,,,,,,,,,,,80,81,80,81,,85,88,90,92,92,92,93,93,93,,94,,,,,
Tuvalu,TUV,"Literacy rate, adult female (% of females ages 15 and above)",SE.ADT.LITR.FE.ZS,,,,,,,,,,,,,,,,,,,,,,,,,,,,,,,,,,,,,,,,,,,,,,,,,,,,,,,,,,,,,,,,,
Tanzania,TZA,"Literacy rate, adult female (% of females ages 15 and above)",SE.ADT.LITR.FE.ZS,,,,,,,,,,,,,,,,,,,,,,,,,,,,,48,,,,,,,,,,,,,,62,,,,,,,,60.7526206970215,,73,,,73,,,,,,,78.6999969482422,,
Uganda,UGA,"Literacy rate, adult female (% of females ages 15 and above)",SE.ADT.LITR.FE.ZS,,,,,,,,,,,,,,,,,,,,,,,,,,,,,,,,45,,,,,,,,,,,59,,,,62,,,,65,,62,,,,60.9974403381348,,,,,,76.5299987792969,,
Ukraine,UKR,"Literacy rate, adult female (% of females ages 15 and above)",SE.ADT.LITR.FE.ZS,,,,,,,,,,,,,,,,,,,,,,,,,,,,,,,,,,,,,,,,,,99,,,,,,,,,,,99.9581985473633,,,,,,,,,100,,,
Upper middle income,UMC,"Literacy rate, adult female (% of females ages 15 and above)",SE.ADT.LITR.FE.ZS,,,,,,,,,,,,,,,,,54.7662010192871,55.0503311157227,56.3452415466309,57.7581405639648,59.0829811096191,60.356819152832,61.5498809814453,62.7568092346191,64.186279296875,65.3693618774414,66.5326766967773,67.630241394043,72.2015533447266,73.0573883056641,74.0124206542969,74.7259979248047,75.4789505004883,76.1921310424805,76.8952407836914,77.6555099487305,78.3533172607422,84.6334915161133,85.1827087402344,85.6735763549805,86.1647186279297,86.5932235717773,87.0633087158203,87.6196136474609,88.0634384155273,88.3706893920898,88.7621612548828,90.2290878295898,90.7956695556641,91.074821472168,91.3875274658203,91.5793380737305,91.928581237793,92.0233917236328,92.5363006591797,92.6736221313477,92.9655838012695,93.0594863891602,93.2754898071289,93.6348876953125,93.7980270385742,93.8753433227539,94.0716323852539,94.2479019165039,
Uruguay,URY,"Literacy rate, adult female (% of females ages 15 and above)",SE.ADT.LITR.FE.ZS,,,,,,,,,,,,,,,,94,,,,,,,,,,96,,,,,,,,,,,97,,,,,,,,,,98,98,98,99,98,99,99,99,99,99,99,99,99,99,,,99,,
United States,USA,"Literacy rate, adult female (% of females ages 15 and above)",SE.ADT.LITR.FE.ZS,,,,,,,,,,,,,,,,,,,,,,,,,,,,,,,,,,,,,,,,,,,,,,,,,,,,,,,,,,,,,,,,,
Uzbekistan,UZB,"Literacy rate, adult female (% of females ages 15 and above)",SE.ADT.LITR.FE.ZS,,,,,,,,,,,,,,,,,,,,,,,,,,,,,,,,,,,,,,,,,98,,,,,,,,,,,,,100,100,100,100,,100,100,,100,100,,
St. Vincent and the Grenadines,VCT,"Literacy rate, adult female (% of females ages 15 and above)",SE.ADT.LITR.FE.ZS,,,,,,,,,,,96,,,,,,,,,,96.9000015258789,,,,,,,,,,,,,,,,,,,,,,,,,,,,,,,,,,,,,,,,,,,,
"Venezuela, RB",VEN,"Literacy rate, adult female (% of females ages 15 and above)",SE.ADT.LITR.FE.ZS,,,,,,,,,,,,,,,,,,,,,,83,,,,,,,,,89,,,,,,,,,,,93,,,,,,95,,95,,95,,,,97,97,,,,,,97.7300033569336,,
British Virgin Islands,VGB,"Literacy rate, adult female (% of females ages 15 and above)",SE.ADT.LITR.FE.ZS,,,,,,,,,,,,,,,,,,,,,,,,,,,,,,,,,,,,,,,,,,,,,,,,,,,,,,,,,,,,,,,,,
Virgin Islands (U.S.),VIR,"Literacy rate, adult female (% of females ages 15 and above)",SE.ADT.LITR.FE.ZS,,,,,,,,,,,,,,,,,,,,,,,,,,,,,,,,,,,,,,,,,,,,,,,,,,,,,,,,,,,,,,,,,
Viet Nam,VNM,"Literacy rate, adult female (% of females ages 15 and above)",SE.ADT.LITR.FE.ZS,,,,,,,,,,,,,,,,,,,,78,,,,,,,,,,83,,,,,,,,,,87,87,,,,,,,,,91,,,,,,,,,,95,,,95,,
Vanuatu,VUT,"Literacy rate, adult female (% of females ages 15 and above)",SE.ADT.LITR.FE.ZS,,,,,,,,,,,,,,,,,,,,48,,,,,53.7000007629395,,,,,,,,,,65.5999984741211,,,,,,,,,,76.1999969482422,,,,,,,,,,83.1999969482422,,,,,,,88.4000015258789,,,
World,WLD,"Literacy rate, adult female (% of females ages 15 and above)",SE.ADT.LITR.FE.ZS,,,,,,,,,,,,,,,,,56.6814117431641,57.0249099731445,57.790699005127,58.6107215881348,59.3887596130371,60.1468696594238,60.8878211975098,61.6174011230469,62.4651489257812,63.223461151123,63.9141693115234,64.7417068481445,66.8254623413086,67.487922668457,68.1959228515625,68.6674423217773,69.134162902832,69.5851974487305,70.0834808349609,70.6088790893555,71.1043014526367,73.9001007080078,75.0516586303711,75.4796676635742,75.6943511962891,76.1056976318359,76.5043029785156,77.0090103149414,77.4225311279297,77.3224792480469,77.4337387084961,78.2909088134766,78.7642364501953,79.0794677734375,80.0025482177734,80.2862014770508,80.5296936035156,80.8821792602539,81.4116516113281,81.8472518920898,82.272819519043,82.5223083496094,82.8914566040039,83.0747299194336,83.3208694458008,83.5589599609375,83.8527297973633,84.1165313720703,
Samoa,WSM,"Literacy rate, adult female (% of females ages 15 and above)",SE.ADT.LITR.FE.ZS,,,,,,,,,,,,,,,,,,,,,,,,,,,,,,,,97,,,,,,,,,,,,,,,,,,,,99,,,,,,,,97.6584167480469,,99.3000030517578,,,
Kosovo,XKX,"Literacy rate, adult female (% of females ages 15 and above)",SE.ADT.LITR.FE.ZS,,,,,,,,,,,,,,,,,,,,,,,,,,,,,,,,,,,,,,,,,,,,,,,,,,,,,,,,,,,,,,,,,
"Yemen, Rep.",YEM,"Literacy rate, adult female (% of females ages 15 and above)",SE.ADT.LITR.FE.ZS,,,,,,,,,,,,,,,,,,,,,,,,,,,,,,,,,,,17,,,,,,,,,,35,,,,,,,,,,,,,,,,,,,54.132740020752,
South Africa,ZAF,"Literacy rate, adult female (% of females ages 15 and above)",SE.ADT.LITR.FE.ZS,,,,,,,,,,,,,,,,,,,,,75,,,,,,,,,,,,,,,,81,,,,,,,,,,,87,,92,92,92,93,,93,93,91.9364700317383,86,,95,,89,,,
Zambia,ZMB,"Literacy rate, adult female (% of females ages 15 and above)",SE.ADT.LITR.FE.ZS,,,,,,,,,,,,,,,,,,,,,,,,,,,,,,,57,,,,,,,,,60,,,62,,,,,51.7869682312012,,,78,,,,,,,,62.1824989318848,,84.3000030517578,,,,
Zimbabwe,ZWE,"Literacy rate, adult female (% of females ages 15 and above)",SE.ADT.LITR.FE.ZS,,,,,,,,,,,,,,,,,,,,,,,72,,,,,,,,,,79,,,,,,,,,,,,,,,,,,,80.0656585693359,,,88.2838287353516,,,,,93.3581237792969,,,91.1999969482422,,