country,Gender,decade,rate
Afghanistan,Female,1970,5.0
Afghanistan,Female,2010,17.0862407684326
Afghanistan,Female,2020,26.5965595245361
Afghanistan,Male,1970,30.0
Afghanistan,Male,2010,50.212100982666
Afghanistan,Male,2020,52.0
Africa Eastern and Southern,Female,1980,48.0540885925293
Africa Eastern and Southern,Female,1990,54.1241188049316
Africa Eastern and Southern,Female,2000,56.4384613037109
Africa Eastern and Southern,Female,2010,67.2694473266602
Africa Eastern and Southern,Female,2020,68.4257125854492
Africa Eastern and Southern,Male,1980,67.7172622680664
Africa Eastern and Southern,Male,1990,70.9928588867188
Africa Eastern and Southern,Male,2000,72.1174468994141
Africa Eastern and Southern,Male,2010,78.3043212890625
Africa Eastern and Southern,Male,2020,78.3432235717773
Africa Western and Central,Female,1980,31.2255592346191
Africa Western and Central,Female,1990,40.6893005371094
Africa Western and Central,Female,2000,40.5085792541504
Africa Western and Central,Female,2010,51.0505294799805
Africa Western and Central,Female,2020,52.2019195556641
Africa Western and Central,Male,1980,54.6083488464355
Africa Western and Central,Male,1990,61.6860885620117
Africa Western and Central,Male,2000,61.3238487243652
Africa Western and Central,Male,2010,68.0830764770508
Africa Western and Central,Male,2020,68.8265762329102
Albania,Female,2000,95.0
Albania,Female,2010,99.0490417480469
Albania,Female,2020,98.3000030517578
Albania,Male,2000,97.0
Albania,Male,2010,98.5719985961914
Albania,Male,2020,98.6999969482422
Algeria,Female,1980,36.0
Algeria,Female,2000,68.0
Algeria,Female,2010,74.2101974487305
Algeria,Male,1980,63.0
Algeria,Male,2000,83.0
Algeria,Male,2010,87.4229583740234
American Samoa,Female,1980,97.0
American Samoa,Male,1980,97.0
Angola,Female,2000,54.0
Angola,Female,2010,51.9259796142578
Angola,Female,2020,62.5
Angola,Male,2000,83.0
Angola,Male,2010,83.7727737426758
Angola,Male,2020,82.8000030517578
Antigua and Barbuda,Female,2000,99.0
Antigua and Barbuda,Male,2000,98.0
Arab World,Female,1970,32.3515510559082
Arab World,Female,1980,40.5765914916992
Arab World,Female,1990,52.1447982788086
Arab World,Female,2000,60.0424995422363
Arab World,Female,2010,66.9575576782227
Arab World,Female,2020,68.8911666870117
Arab World,Male,1970,61.1051406860352
Arab World,Male,1980,66.6069717407227
Arab World,Male,1990,75.4319305419922
Arab World,Male,2000,78.6761093139648
Arab World,Male,2010,81.9166412353516
Arab World,Male,2020,82.7916107177734
Argentina,Female,1980,94.0
Argentina,Female,1990,96.0
Argentina,Female,2000,97.0
Argentina,Male,1980,94.0
Argentina,Male,1990,96.0
Argentina,Male,2000,97.0
Armenia,Female,1980,98.0
Armenia,Female,2000,99.0
Armenia,Female,2010,100.0
Armenia,Female,2020,100.0
Armenia,Male,1980,99.0
Armenia,Male,2000,100.0
Armenia,Male,2010,100.0
Armenia,Male,2020,100.0
Aruba,Female,2000,97.0
Aruba,Female,2010,97.0
Aruba,Female,2020,98.0
Aruba,Male,2000,98.0
Aruba,Male,2010,97.0
Aruba,Male,2020,97.9700012207031
Azerbaijan,Female,1990,98.0
Azerbaijan,Female,2000,100.0
Azerbaijan,Female,2010,100.0
Azerbaijan,Female,2020,100.0
Azerbaijan,Male,1990,99.0
Azerbaijan,Male,2000,100.0
Azerbaijan,Male,2010,100.0
Azerbaijan,Male,2020,100.0
Bahrain,Female,1980,59.0
Bahrain,Female,1990,77.0
Bahrain,Female,2000,84.0
Bahrain,Female,2010,90.6999969482422
Bahrain,Female,2020,96.0
Bahrain,Male,1980,77.0
Bahrain,Male,1990,89.0
Bahrain,Male,2000,89.0
Bahrain,Male,2010,93.0999984741211
Bahrain,Male,2020,99.0
Bangladesh,Female,1980,18.0
Bangladesh,Female,1990,26.0
Bangladesh,Female,2000,43.7408485412598
Bangladesh,Female,2010,72.0
Bangladesh,Female,2020,74.0
Bangladesh,Male,1980,40.0
Bangladesh,Male,1990,44.0
Bangladesh,Male,2000,49.8323287963867
Bangladesh,Male,2010,77.0
Bangladesh,Male,2020,79.0
Barbados,Female,1970,99.0
Barbados,Female,1980,99.5
Barbados,Male,1970,99.0
Barbados,Male,1980,99.5
Belarus,Female,1980,97.0
Belarus,Female,1990,99.0
Belarus,Female,2000,99.0
Belarus,Female,2010,100.0
Belarus,Male,1980,99.0
Belarus,Male,1990,100.0
Belarus,Male,2000,100.0
Belarus,Male,2010,100.0
Belize,Female,1990,70.0
Belize,Female,2000,81.3000030517578
Belize,Female,2010,91.6316070556641
Belize,Male,1990,70.0
Belize,Male,2000,80.4000015258789
Belize,Male,2010,90.1562881469727
Benin,Female,1970,10.0
Benin,Female,1990,17.0
Benin,Female,2000,18.4429092407227
Benin,Female,2010,28.5498504638672
Benin,Female,2020,36.4000015258789
Benin,Male,1970,25.0
Benin,Male,1990,40.0
Benin,Male,2000,40.6161689758301
Benin,Male,2010,51.0525016784668
Benin,Male,2020,57.9000015258789
Bhutan,Female,2000,39.0
Bhutan,Female,2010,57.0
Bhutan,Female,2020,63.9000015258789
Bhutan,Male,2000,65.0
Bhutan,Male,2010,75.0
Bhutan,Male,2020,79.1999969482422
Bolivia,Female,1970,51.0
Bolivia,Female,1990,72.0
Bolivia,Female,2000,87.0
Bolivia,Female,2010,89.0
Bolivia,Female,2020,91.0
Bolivia,Male,1970,76.0
Bolivia,Male,1990,88.0
Bolivia,Male,2000,96.0
Bolivia,Male,2010,97.0
Bolivia,Male,2020,97.0
Bosnia and Herzegovina,Female,1990,82.0
Bosnia and Herzegovina,Female,2000,94.0
Bosnia and Herzegovina,Female,2010,95.0
Bosnia and Herzegovina,Female,2020,97.0999984741211
Bosnia and Herzegovina,Male,1990,96.0
Bosnia and Herzegovina,Male,2000,99.0
Bosnia and Herzegovina,Male,2010,99.0
Bosnia and Herzegovina,Male,2020,99.4000015258789
Botswana,Female,1990,71.0
Botswana,Female,2000,82.0
Botswana,Female,2010,87.4512100219727
Botswana,Male,1990,65.0
Botswana,Male,2000,80.0
Botswana,Male,2010,86.1221389770508
Brazil,Female,1980,73.0
Brazil,Female,2000,90.0
Brazil,Female,2010,93.0
Brazil,Female,2020,94.9199981689453
Brazil,Male,1980,76.0
Brazil,Male,2000,90.0
Brazil,Male,2010,93.0
Brazil,Male,2020,94.4499969482422
Brunei Darussalam,Female,1980,69.0
Brunei Darussalam,Female,1990,82.0
Brunei Darussalam,Female,2000,90.0
Brunei Darussalam,Female,2010,95.0
Brunei Darussalam,Female,2020,96.8600006103516
Brunei Darussalam,Male,1980,85.0
Brunei Darussalam,Male,1990,92.0
Brunei Darussalam,Male,2000,95.0
Brunei Darussalam,Male,2010,97.0
Brunei Darussalam,Male,2020,98.2600021362305
Bulgaria,Female,2000,98.0
Bulgaria,Female,2010,98.0
Bulgaria,Female,2020,98.1699981689453
Bulgaria,Male,2000,99.0
Bulgaria,Male,2010,99.0
Bulgaria,Male,2020,98.6900024414062
Burkina Faso,Female,1970,3.0
Burkina Faso,Female,1990,8.0
Burkina Faso,Female,2000,21.0
Burkina Faso,Female,2010,25.0
Burkina Faso,Female,2020,29.1200008392334
Burkina Faso,Male,1970,15.0
Burkina Faso,Male,1990,19.0
Burkina Faso,Male,2000,37.0
Burkina Faso,Male,2010,35.0
Burkina Faso,Male,2020,40.0699996948242
Burundi,Female,1970,12.0
Burundi,Female,1990,28.0
Burundi,Female,2000,43.0
Burundi,Female,2010,61.0
Burundi,Female,2020,69.4400024414062
Burundi,Male,1970,34.0
Burundi,Male,1990,48.0
Burundi,Male,2000,53.0
Burundi,Male,2010,76.0
Burundi,Male,2020,81.8399963378906
Cabo Verde,Female,1990,53.0
Cabo Verde,Female,2000,69.4445571899414
Cabo Verde,Female,2010,82.0
Cabo Verde,Female,2020,87.6100006103516
Cabo Verde,Male,1990,75.0
Cabo Verde,Male,2000,83.8376083374023
Cabo Verde,Male,2010,92.0
Cabo Verde,Male,2020,94.4700012207031
Cambodia,Female,1990,57.0
Cambodia,Female,2000,69.0
Cambodia,Female,2010,75.0
Cambodia,Female,2020,79.6500015258789
Cambodia,Male,1990,79.0
Cambodia,Male,2000,84.0
Cambodia,Male,2010,87.0
Cambodia,Male,2020,88.129997253418
Cameroon,Female,1970,29.0
Cameroon,Female,2000,63.0
Cameroon,Female,2010,66.1617736816406
Cameroon,Female,2020,73.120002746582
Cameroon,Male,1970,55.0
Cameroon,Male,2000,79.0
Cameroon,Male,2010,79.7137908935547
Cameroon,Male,2020,83.4000015258789
Caribbean small states,Female,1990,90.4337615966797
Caribbean small states,Female,2000,92.7727432250977
Caribbean small states,Male,1990,86.2423706054688
Caribbean small states,Male,2000,88.8312530517578
Cayman Islands,Female,2000,99.0
Cayman Islands,Female,2010,99.0
Cayman Islands,Male,2000,99.0
Cayman Islands,Male,2010,99.0
Central African Republic,Female,1970,8.0
Central African Republic,Female,1980,20.0
Central African Republic,Female,2000,35.0
Central African Republic,Female,2010,27.1308307647705
Central African Republic,Female,2020,26.2000007629395
Central African Republic,Male,1970,30.0
Central African Republic,Male,1980,48.0
Central African Republic,Male,2000,67.0
Central African Republic,Male,2010,59.8423118591309
Central African Republic,Male,2020,49.2299995422363
Central Europe and the Baltics,Female,1980,97.5007629394531
Central Europe and the Baltics,Female,1990,98.0220184326172
Central Europe and the Baltics,Female,2010,99.4093627929688
Central Europe and the Baltics,Female,2020,99.4763793945312
Central Europe and the Baltics,Male,1980,99.1218566894531
Central Europe and the Baltics,Male,1990,99.2478103637695
Central Europe and the Baltics,Male,2010,99.4681777954102
Central Europe and the Baltics,Male,2020,99.4984664916992
Chad,Female,1990,5.0
Chad,Female,2000,18.0
Chad,Female,2010,18.6425495147705
Chad,Female,2020,18.8700008392334
Chad,Male,1990,18.0
Chad,Male,2000,39.0
Chad,Male,2010,44.5166893005371
Chad,Male,2020,35.7799987792969
Chile,Female,1980,91.0
Chile,Female,1990,94.0
Chile,Female,2000,96.0
Chile,Female,2010,96.0
Chile,Female,2020,97.120002746582
Chile,Male,1980,91.0
Chile,Male,1990,95.0
Chile,Male,2000,96.0
Chile,Male,2010,96.0
Chile,Male,2020,97.1900024414062
China,Female,1980,51.0
China,Female,1990,68.0
China,Female,2000,87.0
China,Female,2010,93.0
China,Female,2020,95.0
China,Male,1980,79.0
China,Male,1990,87.0
China,Male,2000,95.0
China,Male,2010,97.0
China,Male,2020,98.0
Colombia,Female,1990,91.0
Colombia,Female,2000,93.0
Colombia,Female,2010,95.0
Colombia,Female,2020,96.0
Colombia,Male,1990,91.0
Colombia,Male,2000,93.0
Colombia,Male,2010,95.0
Colombia,Male,2020,95.0
Comoros,Female,1980,40.0
Comoros,Female,2000,63.0
Comoros,Female,2010,42.6372909545898
Comoros,Female,2020,56.8699989318848
Comoros,Male,1980,56.0
Comoros,Male,2000,75.0
Comoros,Male,2010,56.4798011779785
Comoros,Male,2020,66.5500030517578
"Congo, Dem. Rep.",Female,2000,46.1042518615723
"Congo, Dem. Rep.",Female,2010,61.600341796875
"Congo, Dem. Rep.",Female,2020,71.7300033569336
"Congo, Dem. Rep.",Male,2000,76.9156875610352
"Congo, Dem. Rep.",Male,2010,87.5136337280273
"Congo, Dem. Rep.",Male,2020,89.629997253418
"Congo, Rep.",Female,1980,49.0
"Congo, Rep.",Female,2000,67.0
"Congo, Rep.",Female,2010,72.8770599365234
"Congo, Rep.",Female,2020,75.370002746582
"Congo, Rep.",Male,1980,71.0
"Congo, Rep.",Male,2000,86.0
"Congo, Rep.",Male,2010,86.4343109130859
"Congo, Rep.",Male,2020,85.9400024414062
Costa Rica,Female,1980,93.0
Costa Rica,Female,2000,95.0
Costa Rica,Female,2010,94.118766784668
Costa Rica,Female,2020,98.0999984741211
Costa Rica,Male,1980,93.0
Costa Rica,Male,2000,95.0
Costa Rica,Male,2010,97.0
Costa Rica,Male,2020,97.9899978637695
Cote d'Ivoire,Female,1980,23.0
Cote d'Ivoire,Female,1990,28.0
Cote d'Ivoire,Female,2000,39.0
Cote d'Ivoire,Female,2010,87.0
Cote d'Ivoire,Female,2020,40.2550888061523
Cote d'Ivoire,Male,1980,44.0
Cote d'Ivoire,Male,1990,44.0
Cote d'Ivoire,Male,2000,61.0
Cote d'Ivoire,Male,2010,93.0
Cote d'Ivoire,Male,2020,60.2039184570312
Croatia,Female,1990,95.0
Croatia,Female,2000,97.0
Croatia,Female,2020,99.2399978637695
Croatia,Male,1990,99.0
Croatia,Male,2000,99.0
Croatia,Male,2020,99.6900024414062
Cuba,Female,2000,100.0
Cuba,Female,2010,96.3534317016602
Cuba,Female,2020,99.7171478271484
Cuba,Male,2000,100.0
Cuba,Male,2010,99.0333099365234
Cuba,Male,2020,99.6284637451172
Cyprus,Female,1990,91.0
Cyprus,Female,2000,95.0
Cyprus,Female,2010,98.0
Cyprus,Female,2020,99.1500015258789
Cyprus,Male,1990,98.0
Cyprus,Male,2000,99.0
Cyprus,Male,2010,99.0
Cyprus,Male,2020,99.5800018310547
Dominican Republic,Female,1980,73.0
Dominican Republic,Female,2000,88.0
Dominican Republic,Female,2010,87.372673034668
Dominican Republic,Female,2020,95.5999984741211
Dominican Republic,Male,1980,74.0
Dominican Republic,Male,2000,88.0
Dominican Republic,Male,2010,94.0
Dominican Republic,Male,2020,95.4000015258789
Early-demographic dividend,Female,1970,39.7583618164062
Early-demographic dividend,Female,1980,47.5346412658691
Early-demographic dividend,Female,1990,58.4230194091797
Early-demographic dividend,Female,2000,65.8659591674805
Early-demographic dividend,Female,2010,73.9110717773438
Early-demographic dividend,Female,2020,76.3357620239258
Early-demographic dividend,Male,1970,61.7702407836914
Early-demographic dividend,Male,1980,67.6708068847656
Early-demographic dividend,Male,1990,76.4487991333008
Early-demographic dividend,Male,2000,81.3852996826172
Early-demographic dividend,Male,2010,85.1072235107422
Early-demographic dividend,Male,2020,86.5607299804688
East Asia & Pacific,Female,1970,56.173469543457
East Asia & Pacific,Female,1980,72.5109634399414
East Asia & Pacific,Female,1990,85.8446578979492
East Asia & Pacific,Female,2000,91.6461029052734
East Asia & Pacific,Female,2010,94.1887588500977
East Asia & Pacific,Female,2020,95.0429000854492
East Asia & Pacific,Male,1970,80.1511764526367
East Asia & Pacific,Male,1980,88.6288375854492
East Asia & Pacific,Male,1990,94.0537796020508
East Asia & Pacific,Male,2000,96.4986572265625
East Asia & Pacific,Male,2010,97.4105072021484
East Asia & Pacific,Male,2020,97.8067169189453
East Asia & Pacific (IDA & IBRD countries),Female,1970,52.7555084228516
East Asia & Pacific (IDA & IBRD countries),Female,1980,70.973388671875
East Asia & Pacific (IDA & IBRD countries),Female,1990,85.7942886352539
East Asia & Pacific (IDA & IBRD countries),Female,2000,91.7976989746094
East Asia & Pacific (IDA & IBRD countries),Female,2010,94.3467330932617
East Asia & Pacific (IDA & IBRD countries),Female,2020,95.2293701171875
East Asia & Pacific (IDA & IBRD countries),Male,1970,78.984001159668
East Asia & Pacific (IDA & IBRD countries),Male,1980,88.3760833740234
East Asia & Pacific (IDA & IBRD countries),Male,1990,94.3141937255859
East Asia & Pacific (IDA & IBRD countries),Male,2000,96.7631530761719
East Asia & Pacific (IDA & IBRD countries),Male,2010,97.6306686401367
East Asia & Pacific (IDA & IBRD countries),Male,2020,98.0303192138672
East Asia & Pacific (excluding high income),Female,1970,53.4379196166992
East Asia & Pacific (excluding high income),Female,1980,71.3926696777344
East Asia & Pacific (excluding high income),Female,1990,85.9904708862305
East Asia & Pacific (excluding high income),Female,2000,91.9042816162109
East Asia & Pacific (excluding high income),Female,2010,94.4189300537109
East Asia & Pacific (excluding high income),Female,2020,95.289436340332
East Asia & Pacific (excluding high income),Male,1970,79.2539520263672
East Asia & Pacific (excluding high income),Male,1980,88.5254211425781
East Asia & Pacific (excluding high income),Male,1990,94.3854064941406
East Asia & Pacific (excluding high income),Male,2000,96.8018188476562
East Asia & Pacific (excluding high income),Male,2010,97.6593017578125
East Asia & Pacific (excluding high income),Male,2020,98.0540618896484
Ecuador,Female,1980,80.0
Ecuador,Female,1990,86.0
Ecuador,Female,2000,91.0
Ecuador,Female,2010,92.0
Ecuador,Female,2020,93.0
Ecuador,Male,1980,87.0
Ecuador,Male,1990,90.0
Ecuador,Male,2000,94.0
Ecuador,Male,2010,94.0
Ecuador,Male,2020,95.0
"Egypt, Arab Rep.",Female,1970,22.0
"Egypt, Arab Rep.",Female,1980,31.0
"Egypt, Arab Rep.",Female,1990,44.0
"Egypt, Arab Rep.",Female,2000,58.0
"Egypt, Arab Rep.",Female,2010,66.0
"Egypt, Arab Rep.",Female,2020,68.9499969482422
"Egypt, Arab Rep.",Male,1970,54.0
"Egypt, Arab Rep.",Male,1980,57.0
"Egypt, Arab Rep.",Male,1990,67.0
"Egypt, Arab Rep.",Male,2000,75.0
"Egypt, Arab Rep.",Male,2010,76.0
"Egypt, Arab Rep.",Male,2020,79.9899978637695
El Salvador,Female,1990,71.0
El Salvador,Female,2000,82.0
El Salvador,Female,2010,87.0
El Salvador,Female,2020,88.0
El Salvador,Male,1990,77.0
El Salvador,Male,2000,87.0
El Salvador,Male,2010,91.0
El Salvador,Male,2020,92.0
Equatorial Guinea,Female,2000,82.0
Equatorial Guinea,Female,2010,90.6760787963867
Equatorial Guinea,Male,2000,95.0
Equatorial Guinea,Male,2010,97.1839981079102
Eritrea,Female,2000,55.0
Eritrea,Female,2010,68.9461898803711
Eritrea,Male,2000,75.0
Eritrea,Male,2010,84.3732376098633
Estonia,Female,1980,100.0
Estonia,Female,2000,100.0
Estonia,Female,2010,100.0
Estonia,Female,2020,99.879997253418
Estonia,Male,1980,100.0
Estonia,Male,2000,100.0
Estonia,Male,2010,100.0
Estonia,Male,2020,99.870002746582
Eswatini,Female,1970,54.0
Eswatini,Female,1980,65.0
Eswatini,Female,2000,80.0
Eswatini,Female,2010,82.4475479125977
Eswatini,Female,2020,90.4126586914062
Eswatini,Male,1970,57.0
Eswatini,Male,1980,70.0
Eswatini,Male,2000,83.0
Eswatini,Male,2010,83.900146484375
Eswatini,Male,2020,91.11181640625
Ethiopia,Female,1990,19.0
Ethiopia,Female,2000,29.0
Ethiopia,Female,2010,40.3826713562012
Ethiopia,Male,1990,36.0
Ethiopia,Male,2000,49.0
Ethiopia,Male,2010,59.2414588928223
Europe & Central Asia,Female,1990,95.4518280029297
Europe & Central Asia,Female,2000,96.9983291625977
Europe & Central Asia,Female,2010,98.1756362915039
Europe & Central Asia,Female,2020,98.3508224487305
Europe & Central Asia,Male,1990,97.8414916992188
Europe & Central Asia,Male,2000,98.5332183837891
Europe & Central Asia,Male,2010,98.9942626953125
Europe & Central Asia,Male,2020,99.0533294677734
Europe & Central Asia (IDA & IBRD countries),Female,1980,93.7811889648438
Europe & Central Asia (IDA & IBRD countries),Female,1990,95.8154830932617
Europe & Central Asia (IDA & IBRD countries),Female,2000,97.4484329223633
Europe & Central Asia (IDA & IBRD countries),Female,2010,98.9179534912109
Europe & Central Asia (IDA & IBRD countries),Female,2020,99.0769119262695
Europe & Central Asia (IDA & IBRD countries),Male,1980,98.0993194580078
Europe & Central Asia (IDA & IBRD countries),Male,1990,98.6024398803711
Europe & Central Asia (IDA & IBRD countries),Male,2000,99.2053985595703
Europe & Central Asia (IDA & IBRD countries),Male,2010,99.6852188110352
Europe & Central Asia (IDA & IBRD countries),Male,2020,99.7225036621094
Europe & Central Asia (excluding high income),Female,1980,90.0458984375
Europe & Central Asia (excluding high income),Female,1990,92.415657043457
Europe & Central Asia (excluding high income),Female,2000,95.3482513427734
Europe & Central Asia (excluding high income),Female,2010,98.0803604125977
Europe & Central Asia (excluding high income),Female,2020,98.3591995239258
Europe & Central Asia (excluding high income),Male,1980,96.6919708251953
Europe & Central Asia (excluding high income),Male,1990,97.6047134399414
Europe & Central Asia (excluding high income),Male,2000,98.7927169799805
Europe & Central Asia (excluding high income),Male,2010,99.6236419677734
Europe & Central Asia (excluding high income),Male,2020,99.6778564453125
Fiji,Female,2020,92.4281463623047
Fragile and conflict affected situations,Female,1980,50.631908416748
Fragile and conflict affected situations,Female,1990,55.6824798583984
Fragile and conflict affected situations,Female,2000,53.8899688720703
Fragile and conflict affected situations,Female,2010,58.7957382202148
Fragile and conflict affected situations,Female,2020,59.0675582885742
Fragile and conflict affected situations,Male,1980,68.6630020141602
Fragile and conflict affected situations,Male,1990,72.0956192016602
Fragile and conflict affected situations,Male,2000,70.3121490478516
Fragile and conflict affected situations,Male,2010,72.8813095092773
Fragile and conflict affected situations,Male,2020,72.8105087280273
Gabon,Female,1990,65.0
Gabon,Female,2010,79.8789672851562
Gabon,Female,2020,85.0400009155273
Gabon,Male,1990,79.0
Gabon,Male,2010,84.8732986450195
Gabon,Male,2020,86.3000030517578
"Gambia, The",Female,2000,25.0
"Gambia, The",Female,2010,43.3483581542969
"Gambia, The",Female,2020,52.25
"Gambia, The",Male,2000,49.0
"Gambia, The",Male,2010,64.9327774047852
"Gambia, The",Male,2020,65.3099975585938
Georgia,Female,2000,100.0
Georgia,Female,2010,99.6481781005859
Georgia,Female,2020,100.0
Georgia,Male,2000,100.0
Georgia,Male,2010,99.6598510742188
Georgia,Male,2020,100.0
Ghana,Female,2000,50.0
Ghana,Female,2010,56.0202102661133
Ghana,Female,2020,76.1900024414062
Ghana,Male,2000,66.0
Ghana,Male,2010,74.8940811157227
Ghana,Male,2020,84.4899978637695
Greece,Female,1980,85.0
Greece,Female,1990,89.0
Greece,Female,2000,92.0
Greece,Male,1980,96.0
Greece,Male,1990,96.0
Greece,Male,2000,96.0
Grenada,Female,1970,98.0
Grenada,Female,1980,98.3000030517578
Grenada,Male,1970,98.0
Grenada,Male,1980,98.4000015258789
Guam,Female,1980,96.0
Guam,Female,1990,99.0
Guam,Female,2000,99.5699996948242
Guam,Male,1980,96.0
Guam,Male,1990,99.0
Guam,Male,2000,99.5599975585938
Guatemala,Female,1990,57.0
Guatemala,Female,2000,63.0
Guatemala,Female,2010,77.0
Guatemala,Female,2020,78.6087493896484
Guatemala,Male,1990,72.0
Guatemala,Male,2000,75.0
Guatemala,Male,2010,85.0
Guatemala,Male,2020,88.3589019775391
Guinea,Female,1990,10.0
Guinea,Female,2000,18.0
Guinea,Female,2010,28.0
Guinea,Female,2020,31.2700004577637
Guinea,Male,1990,33.0
Guinea,Male,2000,43.0
Guinea,Male,2010,54.0
Guinea,Male,2020,61.1500015258789
Guinea-Bissau,Female,1970,9.0
Guinea-Bissau,Female,2000,27.0
Guinea-Bissau,Female,2010,40.3379783630371
Guinea-Bissau,Female,2020,41.0
Guinea-Bissau,Male,1970,33.0
Guinea-Bissau,Male,2000,58.0
Guinea-Bissau,Male,2010,71.3431701660156
Guinea-Bissau,Male,2020,67.5800018310547
Guyana,Female,2000,87.2519836425781
Guyana,Female,2010,85.0346069335938
Guyana,Female,2020,89.6600036621094
Guyana,Male,2000,82.4365615844727
Guyana,Male,2010,86.3143768310547
Guyana,Male,2020,90.4300003051758
Haiti,Female,1980,33.0
Haiti,Female,2000,44.5994491577148
Haiti,Female,2010,63.8743209838867
Haiti,Male,1980,37.0
Haiti,Male,2000,53.3550491333008
Haiti,Male,2010,72.9387283325195
Heavily indebted poor countries (HIPC),Female,1980,34.464599609375
Heavily indebted poor countries (HIPC),Female,1990,40.0975494384766
Heavily indebted poor countries (HIPC),Female,2000,44.6898498535156
Heavily indebted poor countries (HIPC),Female,2010,57.3472290039062
Heavily indebted poor countries (HIPC),Female,2020,59.445930480957
Heavily indebted poor countries (HIPC),Male,1980,56.1983795166016
Heavily indebted poor countries (HIPC),Male,1990,60.1751098632812
Heavily indebted poor countries (HIPC),Male,2000,64.0183868408203
Heavily indebted poor countries (HIPC),Male,2010,71.5475692749023
Heavily indebted poor countries (HIPC),Male,2020,72.568603515625
High income,Male,2020,98.1199722290039
Honduras,Female,2000,83.0
Honduras,Female,2010,89.0
Honduras,Male,2000,84.0
Honduras,Male,2010,88.0
Hungary,Female,1980,98.0
Hungary,Female,1990,98.8000030517578
Hungary,Female,2020,99.0999984741211
Hungary,Male,1980,99.0
Hungary,Male,1990,99.3000030517578
Hungary,Male,2020,99.0999984741211
IBRD only,Female,1970,53.4527282714844
IBRD only,Female,1980,65.3109893798828
IBRD only,Female,1990,76.2659225463867
IBRD only,Female,2000,81.5836868286133
IBRD only,Female,2010,85.6885986328125
IBRD only,Female,2020,87.1676483154297
IBRD only,Male,1970,74.5245895385742
IBRD only,Male,1980,81.5146789550781
IBRD only,Male,1990,87.838508605957
IBRD only,Male,2000,90.760139465332
IBRD only,Male,2010,92.1924133300781
IBRD only,Male,2020,93.0214920043945
IDA & IBRD total,Female,1970,50.0893096923828
IDA & IBRD total,Female,1980,60.7278518676758
IDA & IBRD total,Female,1990,70.9259872436523
IDA & IBRD total,Female,2000,75.3708801269531
IDA & IBRD total,Female,2010,80.2699584960938
IDA & IBRD total,Female,2020,81.5577926635742
IDA & IBRD total,Male,1970,71.1895523071289
IDA & IBRD total,Male,1980,77.5971984863281
IDA & IBRD total,Male,1990,83.800651550293
IDA & IBRD total,Male,2000,86.2211227416992
IDA & IBRD total,Male,2010,88.4655914306641
IDA & IBRD total,Male,2020,89.1605834960938
IDA blend,Female,1980,40.8172988891602
IDA blend,Female,1990,50.5296592712402
IDA blend,Female,2000,51.3270797729492
IDA blend,Female,2010,58.0456199645996
IDA blend,Female,2020,60.0448684692383
IDA blend,Male,1970,56.4063301086426
IDA blend,Male,1980,59.8953514099121
IDA blend,Male,1990,70.2961196899414
IDA blend,Male,2000,71.7253570556641
IDA blend,Male,2010,74.7158889770508
IDA blend,Male,2020,75.7923278808594
IDA only,Female,1980,37.5714797973633
IDA only,Female,1990,45.4778785705566
IDA only,Female,2000,49.9167289733887
IDA only,Female,2010,62.6696701049805
IDA only,Female,2020,64.5311889648438
IDA only,Male,1980,58.0178489685059
IDA only,Male,1990,63.3975601196289
IDA only,Male,2000,65.625862121582
IDA only,Male,2010,75.140739440918
IDA only,Male,2020,76.26904296875
IDA total,Female,1980,38.6203384399414
IDA total,Female,1990,47.1303787231445
IDA total,Female,2000,50.3816184997559
IDA total,Female,2010,61.1665115356445
IDA total,Female,2020,63.079891204834
IDA total,Male,1980,58.6435203552246
IDA total,Male,1990,65.7125778198242
IDA total,Male,2000,67.6958999633789
IDA total,Male,2010,74.9995193481445
IDA total,Male,2020,76.1117706298828
India,Female,1980,26.0
India,Female,1990,34.0
India,Female,2000,51.0
India,Female,2010,59.0
India,Female,2020,70.0
India,Male,1980,55.0
India,Male,1990,62.0
India,Male,2000,75.0
India,Male,2010,79.0
India,Male,2020,85.0
Indonesia,Female,1980,58.0
Indonesia,Female,1990,75.0
Indonesia,Female,2000,90.0
Indonesia,Female,2010,94.0
Indonesia,Female,2020,95.0
Indonesia,Male,1980,77.0
Indonesia,Male,1990,88.0
Indonesia,Male,2000,96.0
Indonesia,Male,2010,97.0
Indonesia,Male,2020,97.0
"Iran, Islamic Rep.",Female,1970,24.0
"Iran, Islamic Rep.",Female,1980,41.0
"Iran, Islamic Rep.",Female,1990,66.0
"Iran, Islamic Rep.",Female,2000,78.0
"Iran, Islamic Rep.",Female,2010,81.0
"Iran, Islamic Rep.",Female,2020,84.870002746582
"Iran, Islamic Rep.",Male,1970,48.0
"Iran, Islamic Rep.",Male,1980,63.0
"Iran, Islamic Rep.",Male,1990,80.0
"Iran, Islamic Rep.",Male,2000,88.0
"Iran, Islamic Rep.",Male,2010,90.0
"Iran, Islamic Rep.",Male,2020,93.0
Iraq,Female,2000,64.0
Iraq,Female,2010,76.2786636352539
Iraq,Male,2000,84.0
Iraq,Male,2010,91.0
Israel,Female,1980,89.0
Israel,Male,1980,95.0
Italy,Female,1980,96.0
Italy,Female,2000,98.0
Italy,Female,2010,99.0
Italy,Male,1980,97.0
Italy,Male,2000,99.0
Italy,Male,2010,99.0
Jamaica,Female,1990,86.0
Jamaica,Female,2020,90.8148727416992
Jamaica,Male,1990,74.0
Jordan,Female,1970,52.0
Jordan,Female,2000,89.0
Jordan,Female,2010,94.1569595336914
Jordan,Female,2020,92.0
Jordan,Male,1970,80.0
Jordan,Male,2000,95.0
Jordan,Male,2010,96.7476425170898
Jordan,Male,2020,97.0
Kazakhstan,Female,1980,96.0
Kazakhstan,Female,1990,99.0
Kazakhstan,Female,2000,100.0
Kazakhstan,Female,2010,99.7389907836914
Kazakhstan,Female,2020,99.8000030517578
Kazakhstan,Male,1980,99.0
Kazakhstan,Male,1990,100.0
Kazakhstan,Male,2000,100.0
Kazakhstan,Male,2010,99.8296813964844
Kazakhstan,Male,2020,99.9000015258789
Kenya,Female,2000,66.8631210327148
Kenya,Female,2010,74.0063171386719
Kenya,Female,2020,80.2699966430664
Kenya,Male,2000,78.0791473388672
Kenya,Male,2010,83.7780303955078
Kenya,Male,2020,85.5800018310547
Kiribati,Female,2010,98.6115112304688
Kiribati,Male,2010,97.2537002563477
"Korea, Dem. People's Rep.",Female,2000,100.0
"Korea, Dem. People's Rep.",Female,2010,99.9976119995117
"Korea, Dem. People's Rep.",Male,2000,100.0
"Korea, Dem. People's Rep.",Male,2010,99.9988784790039
"Korea, Rep.",Female,2000,98.0
"Korea, Rep.",Female,2010,98.4000015258789
"Korea, Rep.",Male,2000,98.0
"Korea, Rep.",Male,2010,99.1999969482422
Kuwait,Female,1970,48.0
Kuwait,Female,1980,69.0
Kuwait,Female,1990,74.0
Kuwait,Female,2000,92.0
Kuwait,Female,2010,95.0
Kuwait,Female,2020,95.0
Kuwait,Male,1970,68.0
Kuwait,Male,1980,78.0
Kuwait,Male,1990,81.0
Kuwait,Male,2000,95.0
Kuwait,Male,2010,97.0
Kuwait,Male,2020,97.0
Kyrgyz Republic,Female,1990,98.0
Kyrgyz Republic,Female,2000,99.0
Kyrgyz Republic,Female,2010,99.5
Kyrgyz Republic,Male,1990,99.0
Kyrgyz Republic,Male,2000,100.0
Kyrgyz Republic,Male,2010,99.6999969482422
Lao PDR,Female,1990,48.0
Lao PDR,Female,2000,63.0
Lao PDR,Female,2010,79.0
Lao PDR,Female,2020,83.370002746582
Lao PDR,Male,1990,73.0
Lao PDR,Male,2000,82.0
Lao PDR,Male,2010,90.0
Lao PDR,Male,2020,91.6399993896484
Late-demographic dividend,Female,1970,61.0341300964355
Late-demographic dividend,Female,1980,75.6563034057617
Late-demographic dividend,Female,1990,87.8346099853516
Late-demographic dividend,Female,2000,92.640007019043
Late-demographic dividend,Female,2010,95.0135269165039
Late-demographic dividend,Female,2020,95.690559387207
Late-demographic dividend,Male,1970,81.585563659668
Late-demographic dividend,Male,1980,89.0696411132812
Late-demographic dividend,Male,1990,94.3000106811523
Late-demographic dividend,Male,2000,96.4778366088867
Late-demographic dividend,Male,2010,97.6184768676758
Late-demographic dividend,Male,2020,97.9292831420898
Latin America & Caribbean,Female,1970,78.0511703491211
Latin America & Caribbean,Female,1980,82.9044494628906
Latin America & Caribbean,Female,1990,87.82470703125
Latin America & Caribbean,Female,2000,91.2600936889648
Latin America & Caribbean,Female,2010,93.8907775878906
Latin America & Caribbean,Female,2020,94.4765701293945
Latin America & Caribbean,Male,1970,82.774040222168
Latin America & Caribbean,Male,1980,85.4987106323242
Latin America & Caribbean,Male,1990,89.6477813720703
Latin America & Caribbean,Male,2000,92.4997024536133
Latin America & Caribbean,Male,2010,94.64306640625
Latin America & Caribbean,Male,2020,95.1193618774414
Latin America & Caribbean (excluding high income),Female,1970,77.0197601318359
Latin America & Caribbean (excluding high income),Female,1980,81.9356231689453
Latin America & Caribbean (excluding high income),Female,1990,87.1758422851562
Latin America & Caribbean (excluding high income),Female,2000,90.7022476196289
Latin America & Caribbean (excluding high income),Female,2010,93.5746078491211
Latin America & Caribbean (excluding high income),Female,2020,94.1992568969727
Latin America & Caribbean (excluding high income),Male,1970,82.0649185180664
Latin America & Caribbean (excluding high income),Male,1980,84.7254028320312
Latin America & Caribbean (excluding high income),Male,1990,89.1688919067383
Latin America & Caribbean (excluding high income),Male,2000,92.0654067993164
Latin America & Caribbean (excluding high income),Male,2010,94.4038619995117
Latin America & Caribbean (excluding high income),Male,2020,94.911018371582
Latin America & the Caribbean (IDA & IBRD countries),Female,1970,77.292106628418
Latin America & the Caribbean (IDA & IBRD countries),Female,1980,82.3109970092773
Latin America & the Caribbean (IDA & IBRD countries),Female,1990,87.4782409667969
Latin America & the Caribbean (IDA & IBRD countries),Female,2000,91.053337097168
Latin America & the Caribbean (IDA & IBRD countries),Female,2010,93.7814102172852
Latin America & the Caribbean (IDA & IBRD countries),Female,2020,94.3881301879883
Latin America & the Caribbean (IDA & IBRD countries),Male,1970,82.1718673706055
Latin America & the Caribbean (IDA & IBRD countries),Male,1980,84.9968795776367
Latin America & the Caribbean (IDA & IBRD countries),Male,1990,89.364143371582
Latin America & the Caribbean (IDA & IBRD countries),Male,2000,92.3393936157227
Latin America & the Caribbean (IDA & IBRD countries),Male,2010,94.5525894165039
Latin America & the Caribbean (IDA & IBRD countries),Male,2020,95.0468902587891
Latvia,Female,1980,99.0
Latvia,Female,2000,100.0
Latvia,Female,2010,100.0
Latvia,Female,2020,99.9100036621094
Latvia,Male,1980,100.0
Latvia,Male,2000,100.0
Latvia,Male,2010,100.0
Latvia,Male,2020,99.8600006103516
Least developed countries: UN classification,Female,1980,33.5694999694824
Least developed countries: UN classification,Female,1990,41.9281883239746
Least developed countries: UN classification,Female,2000,46.3741989135742
Least developed countries: UN classification,Female,2010,59.1696395874023
Least developed countries: UN classification,Female,2020,61.3816986083984
Least developed countries: UN classification,Male,1980,55.4560813903809
Least developed countries: UN classification,Male,1990,61.524299621582
Least developed countries: UN classification,Male,2000,63.4215698242188
Least developed countries: UN classification,Male,2010,73.0437622070312
Least developed countries: UN classification,Male,2020,74.2736511230469
Lebanon,Female,2000,88.0
Lebanon,Female,2010,90.0
Lebanon,Male,2000,94.0
Lebanon,Male,2010,95.0
Lesotho,Female,2000,84.9639587402344
Lesotho,Female,2010,91.7942276000977
Lesotho,Female,2020,89.7600021362305
Lesotho,Male,2000,65.5219573974609
Lesotho,Male,2010,80.2302474975586
Lesotho,Male,2020,73.9400024414062
Liberia,Female,1980,19.0
Liberia,Female,2000,27.0349102020264
Liberia,Female,2010,34.0922584533691
Liberia,Male,1980,45.0
Liberia,Male,2000,60.7748107910156
Liberia,Male,2010,62.6965599060059
Libya,Female,1980,42.0
Libya,Female,1990,63.7000007629395
Libya,Male,1980,77.0
Libya,Male,1990,87.7200012207031
Lithuania,Female,1980,98.0
Lithuania,Female,2000,100.0
Lithuania,Female,2010,100.0
Lithuania,Female,2020,99.8499984741211
Lithuania,Male,1980,99.0
Lithuania,Male,2000,100.0
Lithuania,Male,2010,100.0
Lithuania,Male,2020,99.8099975585938
Low & middle income,Female,1970,49.297908782959
Low & middle income,Female,1980,60.088939666748
Low & middle income,Female,1990,70.4912567138672
Low & middle income,Female,2000,75.0185012817383
Low & middle income,Female,2010,80.0236129760742
Low & middle income,Female,2020,81.3233184814453
Low & middle income,Male,1970,70.7780685424805
Low & middle income,Male,1980,77.267822265625
Low & middle income,Male,1990,83.5936126708984
Low & middle income,Male,2000,86.0508880615234
Low & middle income,Male,2010,88.345588684082
Low & middle income,Male,2020,89.0455627441406
Low income,Female,1980,36.2281188964844
Low income,Female,1990,41.050708770752
Low income,Female,2000,44.7389602661133
Low income,Female,2010,53.6645317077637
Low income,Female,2020,55.7443199157715
Low income,Male,1980,58.0112686157227
Low income,Male,1990,61.3261909484863
Low income,Male,2000,65.2314605712891
Low income,Male,2010,69.5994110107422
Low income,Male,2020,70.5139923095703
Lower middle income,Female,1970,33.6744117736816
Lower middle income,Female,1980,40.4434089660645
Lower middle income,Female,1990,51.8674812316895
Lower middle income,Female,2000,58.2235412597656
Lower middle income,Female,2010,68.4591522216797
Lower middle income,Female,2020,71.4219284057617
Lower middle income,Male,1970,57.850341796875
Lower middle income,Male,1980,63.3997688293457
Lower middle income,Male,1990,73.0102920532227
Lower middle income,Male,2000,76.830436706543
Lower middle income,Male,2010,81.9057312011719
Lower middle income,Male,2020,83.7380981445312
"Macao SAR, China",Female,1980,86.0
"Macao SAR, China",Female,2000,91.0
"Macao SAR, China",Female,2010,95.0
"Macao SAR, China",Female,2020,95.879997253418
"Macao SAR, China",Male,1980,93.0
"Macao SAR, China",Male,2000,96.0
"Macao SAR, China",Male,2010,98.0
"Macao SAR, China",Male,2020,98.4700012207031
Madagascar,Female,2000,61.6414108276367
Madagascar,Female,2010,75.0
Madagascar,Female,2020,76.0299987792969
Madagascar,Male,2000,67.4173126220703
Madagascar,Male,2010,78.0
Madagascar,Male,2020,78.9300003051758
Malawi,Female,1980,34.0
Malawi,Female,1990,54.0
Malawi,Female,2010,55.2041091918945
Malawi,Female,2020,65.0899963378906
Malawi,Male,1980,65.0
Malawi,Male,1990,75.0
Malawi,Male,2010,69.7539672851562
Malawi,Male,2020,71.370002746582
Malaysia,Female,1980,61.0
Malaysia,Female,1990,77.0
Malaysia,Female,2010,94.0
Malaysia,Female,2020,95.0
Malaysia,Male,1980,78.0
Malaysia,Male,1990,89.0
Malaysia,Male,2010,96.0
Malaysia,Male,2020,97.0
Maldives,Female,1970,82.0
Maldives,Female,1980,92.0
Maldives,Female,1990,96.0
Maldives,Female,2000,98.0
Maldives,Female,2010,98.2551879882812
Maldives,Female,2020,98.4100036621094
Maldives,Male,1970,82.0
Maldives,Male,1980,92.0
Maldives,Male,1990,96.0
Maldives,Male,2000,98.0
Maldives,Male,2010,98.1620635986328
Maldives,Male,2020,97.5699996948242
Mali,Female,1970,6.0
Mali,Female,1990,12.0
Mali,Female,2000,18.0
Mali,Female,2010,26.0
Mali,Female,2020,22.0
Mali,Male,1970,14.0
Mali,Male,1990,27.0
Mali,Male,2000,35.0
Mali,Male,2010,46.0
Mali,Male,2020,40.0
Malta,Female,1980,87.0
Malta,Female,1990,89.0
Malta,Female,2000,94.0
Malta,Female,2010,95.0
Malta,Female,2020,96.4199981689453
Malta,Male,1980,87.0
Malta,Male,1990,86.0
Malta,Male,2000,91.0
Malta,Male,2010,92.0
Malta,Male,2020,93.4400024414062
Marshall Islands,Female,2010,98.0
Marshall Islands,Male,2010,98.0
Mauritania,Female,2000,35.3484306335449
Mauritania,Female,2010,57.4347305297852
Mauritania,Female,2020,62.1699981689453
Mauritania,Male,2000,57.4043807983398
Mauritania,Male,2010,75.4096374511719
Mauritania,Male,2020,71.7799987792969
Mauritius,Female,1990,75.0
Mauritius,Female,2000,81.0
Mauritius,Female,2010,91.0
Mauritius,Female,2020,90.4599990844727
Mauritius,Male,1990,85.0
Mauritius,Male,2000,88.0
Mauritius,Male,2010,95.0
Mauritius,Male,2020,93.9100036621094
Mexico,Female,1980,80.0
Mexico,Female,1990,85.0
Mexico,Female,2000,92.0
Mexico,Female,2010,95.0
Mexico,Female,2020,94.0
Mexico,Male,1980,86.0
Mexico,Male,1990,90.0
Mexico,Male,2000,95.0
Mexico,Male,2010,96.0
Mexico,Male,2020,96.0
Middle East & North Africa,Female,1970,32.514518737793
Middle East & North Africa,Female,1980,43.0008316040039
Middle East & North Africa,Female,1990,57.6296882629395
Middle East & North Africa,Female,2000,67.7266235351562
Middle East & North Africa,Female,2010,72.5779571533203
Middle East & North Africa,Female,2020,74.4934692382812
Middle East & North Africa,Male,1970,60.7134284973145
Middle East & North Africa,Male,1980,68.0915222167969
Middle East & North Africa,Male,1990,78.5037002563477
Middle East & North Africa,Male,2000,83.6758117675781
Middle East & North Africa,Male,2010,85.9089126586914
Middle East & North Africa,Male,2020,86.8758697509766
Middle East & North Africa (IDA & IBRD countries),Female,1970,29.0524005889893
Middle East & North Africa (IDA & IBRD countries),Female,1980,40.2302398681641
Middle East & North Africa (IDA & IBRD countries),Female,1990,55.2925300598145
Middle East & North Africa (IDA & IBRD countries),Female,2000,65.1082000732422
Middle East & North Africa (IDA & IBRD countries),Female,2010,69.7298889160156
Middle East & North Africa (IDA & IBRD countries),Female,2020,71.7244033813477
Middle East & North Africa (IDA & IBRD countries),Male,1970,57.7675514221191
Middle East & North Africa (IDA & IBRD countries),Male,1980,65.820686340332
Middle East & North Africa (IDA & IBRD countries),Male,1990,76.7191925048828
Middle East & North Africa (IDA & IBRD countries),Male,2000,81.7921600341797
Middle East & North Africa (IDA & IBRD countries),Male,2010,83.1993408203125
Middle East & North Africa (IDA & IBRD countries),Male,2020,84.3017578125
Middle East & North Africa (excluding high income),Female,1970,29.4482593536377
Middle East & North Africa (excluding high income),Female,1980,40.5328712463379
Middle East & North Africa (excluding high income),Female,1990,55.5533790588379
Middle East & North Africa (excluding high income),Female,2000,65.3731002807617
Middle East & North Africa (excluding high income),Female,2010,70.0149307250977
Middle East & North Africa (excluding high income),Female,2020,72.005729675293
Middle East & North Africa (excluding high income),Male,1970,58.0395698547363
Middle East & North Africa (excluding high income),Male,1980,66.0275192260742
Middle East & North Africa (excluding high income),Male,1990,76.8717498779297
Middle East & North Africa (excluding high income),Male,2000,81.9388122558594
Middle East & North Africa (excluding high income),Male,2010,83.36181640625
Middle East & North Africa (excluding high income),Male,2020,84.4605484008789
Middle income,Female,1970,50.334529876709
Middle income,Female,1980,61.5880584716797
Middle income,Female,1990,72.4497680664062
Middle income,Female,2000,77.2734603881836
Middle income,Female,2010,82.3033828735352
Middle income,Female,2020,83.7181091308594
Middle income,Male,1970,71.7186126708984
Middle income,Male,1980,78.4199371337891
Middle income,Male,1990,85.0127487182617
Middle income,Male,2000,87.5531234741211
Middle income,Male,2010,89.9281692504883
Middle income,Male,2020,90.7409591674805
Moldova,Female,1980,94.0
Moldova,Female,2000,95.0
Moldova,Female,2010,99.0
Moldova,Female,2020,99.5
Moldova,Male,1980,99.0
Moldova,Male,2000,98.0
Moldova,Male,2010,100.0
Moldova,Male,2020,99.6999969482422
Mongolia,Female,2000,98.0
Mongolia,Female,2010,97.9979705810547
Mongolia,Female,2020,99.0
Mongolia,Male,2000,98.0
Mongolia,Male,2010,95.674919128418
Mongolia,Male,2020,99.0
Montenegro,Female,1980,83.0
Montenegro,Female,1990,98.0
Montenegro,Female,2000,96.0
Montenegro,Female,2010,97.9482269287109
Montenegro,Female,2020,98.5400009155273
Montenegro,Male,1980,96.0
Montenegro,Male,1990,89.0
Montenegro,Male,2000,99.0
Montenegro,Male,2010,99.1475830078125
Montenegro,Male,2020,99.4499969482422
Morocco,Female,1980,18.0
Morocco,Female,1990,29.0
Morocco,Female,2000,44.0
Morocco,Female,2010,53.0
Morocco,Female,2020,69.0800018310547
Morocco,Male,1980,44.0
Morocco,Male,1990,55.0
Morocco,Male,2000,69.0
Morocco,Male,2010,75.0
Morocco,Male,2020,85.620002746582
Mozambique,Female,1980,12.0
Mozambique,Female,1990,25.0
Mozambique,Female,2000,36.0
Mozambique,Female,2010,50.0
Mozambique,Female,2020,49.0
Mozambique,Male,1980,44.0
Mozambique,Male,1990,55.0
Mozambique,Male,2000,67.0
Mozambique,Male,2010,73.0
Mozambique,Male,2020,72.0
Myanmar,Female,1980,72.0
Myanmar,Female,2000,86.0
Myanmar,Female,2010,86.0
Myanmar,Male,1980,86.0
Myanmar,Male,2000,94.0
Myanmar,Male,2010,92.0
Namibia,Female,1990,74.0
Namibia,Female,2000,78.3509826660156
Namibia,Female,2010,88.0
Namibia,Female,2020,92.3300018310547
Namibia,Male,1990,78.0
Namibia,Male,2000,74.3283462524414
Namibia,Male,2010,89.0
Namibia,Male,2020,92.1600036621094
Nepal,Female,1980,9.0
Nepal,Female,1990,17.0
Nepal,Female,2000,35.0
Nepal,Female,2010,59.4137191772461
Nepal,Female,2020,63.3300018310547
Nepal,Male,1980,32.0
Nepal,Male,1990,49.0
Nepal,Male,2000,63.0
Nepal,Male,2010,79.7474136352539
Nepal,Male,2020,80.9800033569336
New Caledonia,Female,1970,90.0
New Caledonia,Female,1980,92.0
New Caledonia,Female,1990,95.0
New Caledonia,Female,2000,96.9000015258789
New Caledonia,Male,1970,92.0
New Caledonia,Male,1980,94.0
New Caledonia,Male,1990,97.0
New Caledonia,Male,2000,97.8000030517578
Nicaragua,Female,2000,78.0
Nicaragua,Female,2010,82.7793502807617
Nicaragua,Male,2000,78.0
Nicaragua,Male,2010,82.4385528564453
Niger,Female,2000,15.0
Niger,Female,2010,23.0
Niger,Female,2020,29.7000007629395
Niger,Male,2000,43.0
Niger,Male,2010,39.0
Niger,Male,2020,46.2999992370605
Nigeria,Female,1990,44.0
Nigeria,Female,2000,41.3867607116699
Nigeria,Female,2010,52.6564788818359
Nigeria,Female,2020,53.25244140625
Nigeria,Male,1990,68.0
Nigeria,Male,2000,61.2540512084961
Nigeria,Male,2010,71.2557067871094
Nigeria,Male,2020,73.7295074462891
North America,Female,2000,98.6305313110352
North America,Female,2010,98.732536315918
North America,Female,2020,98.7488708496094
North America,Male,2000,98.7576065063477
North America,Male,2010,98.8129119873047
North America,Male,2020,98.8244171142578
North Macedonia,Female,1990,91.0
North Macedonia,Female,2000,94.0
North Macedonia,Female,2010,97.7797393798828
North Macedonia,Male,1990,97.0
North Macedonia,Male,2000,98.0
North Macedonia,Male,2010,98.6999969482422
OECD members,Female,2020,96.6091766357422
OECD members,Male,2020,97.7735824584961
Oman,Female,2000,81.0
Oman,Female,2010,93.0
Oman,Female,2020,95.0
Oman,Male,2000,90.0
Oman,Male,2010,97.0
Oman,Male,2020,99.0
Other small states,Female,1980,70.3037109375
Other small states,Female,1990,75.3600463867188
Other small states,Female,2000,77.8503494262695
Other small states,Female,2010,82.5192031860352
Other small states,Female,2020,83.7849273681641
Other small states,Male,1980,77.293212890625
Other small states,Male,1990,81.8759536743164
Other small states,Male,2000,83.5093231201172
Other small states,Male,2010,88.1489334106445
Other small states,Male,2020,88.4408569335938
Pakistan,Female,1980,15.0
Pakistan,Female,1990,29.0
Pakistan,Female,2000,40.0
Pakistan,Female,2010,46.0
Pakistan,Male,1980,35.0
Pakistan,Male,1990,55.0
Pakistan,Male,2000,69.0
Pakistan,Male,2010,69.0
Palau,Female,1980,91.0
Palau,Female,2010,96.0
Palau,Male,1980,93.0
Palau,Male,2010,97.0
Panama,Female,1980,88.0
Panama,Female,1990,88.0
Panama,Female,2000,91.0
Panama,Female,2010,95.0
Panama,Male,1980,88.0
Panama,Male,1990,89.0
Panama,Male,2000,93.0
Panama,Male,2010,96.0
Papua New Guinea,Female,2000,51.0
Papua New Guinea,Female,2010,61.5507888793945
Papua New Guinea,Male,2000,63.0
Papua New Guinea,Male,2010,78.3610763549805
Paraguay,Female,1980,76.0
Paraguay,Female,1990,89.0
Paraguay,Female,2000,93.0
Paraguay,Female,2010,93.0
Paraguay,Female,2020,94.0
Paraguay,Male,1980,81.0
Paraguay,Male,1990,92.0
Paraguay,Male,2000,94.0
Paraguay,Male,2010,94.0
Paraguay,Male,2020,95.0
Peru,Female,1980,74.0
Peru,Female,1990,82.0
Peru,Female,2000,85.0
Peru,Female,2010,92.0
Peru,Female,2020,92.0
Peru,Male,1980,90.0
Peru,Male,1990,93.0
Peru,Male,2000,95.0
Peru,Male,2010,97.0
Peru,Male,2020,97.0
Philippines,Female,1980,83.0
Philippines,Female,1990,95.0
Philippines,Female,2000,96.0
Philippines,Female,2010,97.0
Philippines,Female,2020,97.0015029907227
Philippines,Male,1980,84.0
Philippines,Male,1990,93.0
Philippines,Male,2000,95.0
Philippines,Male,2010,96.0
Philippines,Male,2020,98.0
Poland,Female,1970,98.0
Poland,Female,1980,99.0
Poland,Female,2020,99.8000030517578
Poland,Male,1970,99.0
Poland,Male,1980,99.5999984741211
Poland,Male,2020,99.8000030517578
Portugal,Female,1980,75.0
Portugal,Female,1990,85.0
Portugal,Female,2010,93.0
Portugal,Female,2020,95.9199981689453
Portugal,Male,1980,85.0
Portugal,Male,1990,92.0
Portugal,Male,2010,96.0
Portugal,Male,2020,97.7600021362305
Pre-demographic dividend,Female,1980,38.5173110961914
Pre-demographic dividend,Female,1990,45.9284896850586
Pre-demographic dividend,Female,2000,44.5751419067383
Pre-demographic dividend,Female,2010,56.2528305053711
Pre-demographic dividend,Female,2020,58.4050712585449
Pre-demographic dividend,Male,1980,63.0549392700195
Pre-demographic dividend,Male,1990,68.0793075561523
Pre-demographic dividend,Male,2000,64.8280410766602
Pre-demographic dividend,Male,2010,71.893928527832
Pre-demographic dividend,Male,2020,72.8946914672852
Puerto Rico,Female,1980,86.0
Puerto Rico,Female,1990,90.0
Puerto Rico,Female,2010,92.0
Puerto Rico,Female,2020,92.4000015258789
Puerto Rico,Male,1980,88.0
Puerto Rico,Male,1990,90.0
Puerto Rico,Male,2010,92.0
Puerto Rico,Male,2020,92.4000015258789
Qatar,Female,1980,72.0
Qatar,Female,1990,81.0
Qatar,Female,2000,93.0
Qatar,Female,2010,98.0
Qatar,Male,1980,77.0
Qatar,Male,1990,84.0
Qatar,Male,2000,95.0
Qatar,Male,2010,98.0
Romania,Female,1990,95.0
Romania,Female,2000,96.0
Romania,Female,2010,98.0
Romania,Female,2020,99.0
Romania,Male,1990,99.0
Romania,Male,2000,98.0
Romania,Male,2010,99.0
Romania,Male,2020,99.0
Russian Federation,Female,1980,97.0
Russian Federation,Female,2000,99.0
Russian Federation,Female,2010,100.0
Russian Federation,Female,2020,100.0
Russian Federation,Male,1980,99.0
Russian Federation,Male,2000,100.0
Russian Federation,Male,2010,100.0
Russian Federation,Male,2020,100.0
Rwanda,Female,1970,27.0
Rwanda,Female,2000,60.0
Rwanda,Female,2010,69.0
Rwanda,Female,2020,77.0
Rwanda,Male,1970,51.0
Rwanda,Male,2000,71.0
Rwanda,Male,2010,78.0
Rwanda,Male,2020,81.0
Samoa,Female,1990,97.0
Samoa,Female,2010,97.6584167480469
Samoa,Female,2020,99.3000030517578
Samoa,Male,1990,98.0
Samoa,Male,2010,98.3150177001953
Samoa,Male,2020,99.0
San Marino,Female,2020,100.0
San Marino,Male,2020,100.0
Sao Tome and Principe,Female,1980,42.0
Sao Tome and Principe,Female,1990,62.0
Sao Tome and Principe,Female,2000,60.0830307006836
Sao Tome and Principe,Female,2010,82.7525329589844
Sao Tome and Principe,Female,2020,91.0699996948242
Sao Tome and Principe,Male,1980,73.0
Sao Tome and Principe,Male,1990,85.0
Sao Tome and Principe,Male,2000,80.3302383422852
Sao Tome and Principe,Male,2010,92.5018310546875
Sao Tome and Principe,Male,2020,96.4700012207031
Saudi Arabia,Female,1990,57.0
Saudi Arabia,Female,2000,76.0
Saudi Arabia,Female,2010,93.0
Saudi Arabia,Female,2020,96.0
Saudi Arabia,Male,1990,80.0
Saudi Arabia,Male,2000,88.0
Saudi Arabia,Male,2010,97.0
Saudi Arabia,Male,2020,99.0
Senegal,Female,1980,18.0
Senegal,Female,2000,37.0
Senegal,Female,2010,38.5151901245117
Senegal,Female,2020,47.0800018310547
Senegal,Male,1980,37.0
Senegal,Male,2000,60.0
Senegal,Male,2010,57.4714088439941
Senegal,Male,2020,69.0599975585938
Serbia,Female,2000,94.0
Serbia,Female,2010,99.0
Serbia,Male,2000,99.0
Serbia,Male,2010,100.0
Seychelles,Female,1980,85.0
Seychelles,Female,1990,89.0
Seychelles,Female,2000,92.0
Seychelles,Female,2010,94.0
Seychelles,Female,2020,96.6999969482422
Seychelles,Male,1980,83.0
Seychelles,Male,1990,87.0
Seychelles,Male,2000,91.0
Seychelles,Male,2010,93.0
Seychelles,Male,2020,95.8000030517578
Sierra Leone,Female,2000,24.0
Sierra Leone,Female,2010,33.942211151123
Sierra Leone,Female,2020,41.310001373291
Sierra Leone,Male,2000,47.0
Sierra Leone,Male,2010,54.5951309204102
Sierra Leone,Male,2020,56.0299987792969
Singapore,Female,1980,74.0
Singapore,Female,1990,83.0
Singapore,Female,2000,89.0
Singapore,Female,2010,96.0
Singapore,Female,2020,96.0
Singapore,Male,1980,92.0
Singapore,Male,1990,95.0
Singapore,Male,2000,97.0
Singapore,Male,2010,99.0
Singapore,Male,2020,99.0
Slovenia,Female,1990,99.0
Slovenia,Female,2000,99.5999984741211
Slovenia,Male,1990,100.0
Slovenia,Male,2000,99.6999969482422
Small states,Female,1980,75.5173721313477
Small states,Female,1990,79.3335113525391
Small states,Female,2000,81.6096420288086
Small states,Female,2010,84.7841110229492
Small states,Female,2020,85.4476165771484
Small states,Male,1980,79.649040222168
Small states,Male,1990,83.2835998535156
Small states,Male,2000,84.9905090332031
Small states,Male,2010,88.4951019287109
Small states,Male,2020,88.7383728027344
Solomon Islands,Female,1990,69.0
Solomon Islands,Male,1990,84.0
Somalia,Female,1970,3.68717002868652
Somalia,Female,2020,44.0
Somalia,Male,1970,7.19844007492065
Somalia,Male,2020,65.0
South Africa,Female,1980,75.0
South Africa,Female,1990,81.0
South Africa,Female,2000,92.0
South Africa,Female,2010,95.0
South Africa,Female,2020,89.0
South Africa,Male,1980,78.0
South Africa,Male,1990,84.0
South Africa,Male,2000,94.0
South Africa,Male,2010,96.0
South Africa,Male,2020,91.0
South Asia,Female,1970,23.540979385376
South Asia,Female,1980,30.7882499694824
South Asia,Female,1990,43.8919486999512
South Asia,Female,2000,51.9638710021973
South Asia,Female,2010,63.6927909851074
South Asia,Female,2020,67.4998779296875
South Asia,Male,1970,51.376708984375
South Asia,Male,1980,57.5863800048828
South Asia,Male,1990,69.1447296142578
South Asia,Male,2000,74.4404602050781
South Asia,Male,2010,79.9333114624023
South Asia,Male,2020,82.2588195800781
South Asia (IDA & IBRD),Female,1970,23.540979385376
South Asia (IDA & IBRD),Female,1980,30.7882499694824
South Asia (IDA & IBRD),Female,1990,43.8919486999512
South Asia (IDA & IBRD),Female,2000,51.9638710021973
South Asia (IDA & IBRD),Female,2010,63.6927909851074
South Asia (IDA & IBRD),Female,2020,67.4998779296875
South Asia (IDA & IBRD),Male,1970,51.376708984375
South Asia (IDA & IBRD),Male,1980,57.5863800048828
South Asia (IDA & IBRD),Male,1990,69.1447296142578
South Asia (IDA & IBRD),Male,2000,74.4404602050781
South Asia (IDA & IBRD),Male,2010,79.9333114624023
South Asia (IDA & IBRD),Male,2020,82.2588195800781
South Sudan,Female,2000,19.0
South Sudan,Female,2010,28.8642597198486
South Sudan,Male,2000,35.0
South Sudan,Male,2010,40.2648086547852
Spain,Female,1980,90.0
Spain,Female,1990,95.0
Spain,Female,2000,97.0
Spain,Female,2010,98.0
Spain,Female,2020,98.0
Spain,Male,1980,96.0
Spain,Male,1990,98.0
Spain,Male,2000,98.0
Spain,Male,2010,99.0
Spain,Male,2020,99.0
Sri Lanka,Female,1980,82.0
Sri Lanka,Female,2000,89.0
Sri Lanka,Female,2010,92.0
Sri Lanka,Female,2020,92.0
Sri Lanka,Male,1980,91.0
Sri Lanka,Male,2000,92.0
Sri Lanka,Male,2010,93.0
Sri Lanka,Male,2020,93.0
St. Vincent and the Grenadines,Female,1970,96.0
St. Vincent and the Grenadines,Female,1980,96.9000015258789
St. Vincent and the Grenadines,Male,1970,96.0
St. Vincent and the Grenadines,Male,1980,96.9000015258789
Sub-Saharan Africa,Female,1980,41.3842582702637
Sub-Saharan Africa,Female,1990,48.7709312438965
Sub-Saharan Africa,Female,2000,50.1205711364746
Sub-Saharan Africa,Female,2010,60.8974304199219
Sub-Saharan Africa,Female,2020,62.058780670166
Sub-Saharan Africa,Male,1980,62.4040794372559
Sub-Saharan Africa,Male,1990,67.1695404052734
Sub-Saharan Africa,Male,2000,67.7229690551758
Sub-Saharan Africa,Male,2010,74.1803970336914
Sub-Saharan Africa,Male,2020,74.5064392089844
Sub-Saharan Africa (IDA & IBRD countries),Female,1980,41.3842582702637
Sub-Saharan Africa (IDA & IBRD countries),Female,1990,48.7709312438965
Sub-Saharan Africa (IDA & IBRD countries),Female,2000,50.1205711364746
Sub-Saharan Africa (IDA & IBRD countries),Female,2010,60.8974304199219
Sub-Saharan Africa (IDA & IBRD countries),Female,2020,62.058780670166
Sub-Saharan Africa (IDA & IBRD countries),Male,1980,62.4040794372559
Sub-Saharan Africa (IDA & IBRD countries),Male,1990,67.1695404052734
Sub-Saharan Africa (IDA & IBRD countries),Male,2000,67.7229690551758
Sub-Saharan Africa (IDA & IBRD countries),Male,2010,74.1803970336914
Sub-Saharan Africa (IDA & IBRD countries),Male,2020,74.5064392089844
Sub-Saharan Africa (excluding high income),Female,1980,41.3766899108887
Sub-Saharan Africa (excluding high income),Female,1990,48.764461517334
Sub-Saharan Africa (excluding high income),Female,2000,50.1145210266113
Sub-Saharan Africa (excluding high income),Female,2010,60.8932914733887
Sub-Saharan Africa (excluding high income),Female,2020,62.055061340332
Sub-Saharan Africa (excluding high income),Male,1980,62.4003410339355
Sub-Saharan Africa (excluding high income),Male,1990,67.1658096313477
Sub-Saharan Africa (excluding high income),Male,2000,67.7190399169922
Sub-Saharan Africa (excluding high income),Male,2010,74.1774597167969
Sub-Saharan Africa (excluding high income),Male,2020,74.5037536621094
Sudan,Female,2000,47.0
Sudan,Female,2010,56.0632286071777
Sudan,Male,2000,60.0
Sudan,Male,2010,65.4351501464844
Suriname,Female,2000,94.0
Suriname,Female,2010,91.0
Suriname,Female,2020,93.4000015258789
Suriname,Male,2000,95.0
Suriname,Male,2010,95.0
Suriname,Male,2020,96.5
Syrian Arab Republic,Female,1980,37.0
Syrian Arab Republic,Female,2000,74.0
Syrian Arab Republic,Female,2010,80.9000015258789
Syrian Arab Republic,Female,2020,92.0
Syrian Arab Republic,Male,1980,74.0
Syrian Arab Republic,Male,2000,88.0
Syrian Arab Republic,Male,2010,91.5999984741211
Syrian Arab Republic,Male,2020,97.0
Tajikistan,Female,1980,97.0
Tajikistan,Female,2000,99.0
Tajikistan,Female,2010,94.6219482421875
Tajikistan,Male,1980,99.0
Tajikistan,Male,2000,100.0
Tajikistan,Male,2010,99.8000030517578
Tanzania,Female,1980,48.0
Tanzania,Female,2000,62.0
Tanzania,Female,2010,73.0
Tanzania,Female,2020,78.6999969482422
Tanzania,Male,1980,71.0
Tanzania,Male,2000,78.0
Tanzania,Male,2010,83.0
Tanzania,Male,2020,85.5299987792969
Thailand,Female,1980,84.0
Thailand,Female,2000,92.0
Thailand,Female,2010,90.1832962036133
Thailand,Female,2020,91.4859619140625
Thailand,Male,1980,92.0
Thailand,Male,2000,96.0
Thailand,Male,2010,92.4735336303711
Thailand,Male,2020,90.6690826416016
Timor-Leste,Female,2000,43.0
Timor-Leste,Female,2010,59.6047592163086
Timor-Leste,Female,2020,66.5
Timor-Leste,Male,2000,59.0
Timor-Leste,Male,2010,72.1798477172852
Timor-Leste,Male,2020,73.3000030517578
Togo,Female,2000,44.0
Togo,Female,2010,55.0
Togo,Male,2000,71.0
Togo,Male,2010,80.0
Tonga,Female,1970,100.0
Tonga,Female,1990,99.0
Tonga,Female,2000,99.0
Tonga,Female,2010,97.5791702270508
Tonga,Female,2020,99.5
Tonga,Male,1970,100.0
Tonga,Male,1990,99.0
Tonga,Male,2000,99.0
Tonga,Male,2010,83.8166809082031
Tonga,Male,2020,99.4000015258789
Trinidad and Tobago,Female,1980,93.0
Trinidad and Tobago,Female,1990,96.0
Trinidad and Tobago,Female,2000,97.0999984741211
Trinidad and Tobago,Female,2020,93.8321380615234
Trinidad and Tobago,Male,1980,97.0
Trinidad and Tobago,Male,1990,98.0
Trinidad and Tobago,Male,2000,98.75
Tunisia,Female,1980,36.0
Tunisia,Female,2000,69.0
Tunisia,Female,2010,74.0
Tunisia,Female,2020,78.2611312866211
Tunisia,Male,1980,60.0
Tunisia,Male,2000,86.0
Tunisia,Male,2010,88.0
Tunisia,Male,2020,92.5697631835938
Turkiye,Female,1970,45.0
Turkiye,Female,1980,64.0
Turkiye,Female,1990,69.0
Turkiye,Female,2000,85.0
Turkiye,Female,2010,94.0
Turkiye,Male,1970,78.0
Turkiye,Male,1980,88.0
Turkiye,Male,1990,90.0
Turkiye,Male,2000,96.0
Turkiye,Male,2010,99.0
Turkmenistan,Female,1990,98.0
Turkmenistan,Female,2000,99.1999969482422
Turkmenistan,Female,2010,99.6492919921875
Turkmenistan,Male,1990,99.0
Turkmenistan,Male,2000,99.5999984741211
Uganda,Female,1990,45.0
Uganda,Female,2000,62.0
Uganda,Female,2010,60.9974403381348
Uganda,Female,2020,76.5299987792969
Uganda,Male,1990,68.0
Uganda,Male,2000,81.0
Uganda,Male,2010,78.4958419799805
Uganda,Male,2020,84.8499984741211
Ukraine,Female,2000,99.0
Ukraine,Female,2010,99.9581985473633
Ukraine,Female,2020,100.0
Ukraine,Male,2000,100.0
Ukraine,Male,2010,99.9939422607422
Ukraine,Male,2020,100.0
United Arab Emirates,Female,1970,38.0
United Arab Emirates,Female,1980,69.0
United Arab Emirates,Female,2000,91.0
United Arab Emirates,Female,2010,97.0
United Arab Emirates,Female,2020,98.0
United Arab Emirates,Male,1970,58.0
United Arab Emirates,Male,1980,72.0
United Arab Emirates,Male,2000,89.0
United Arab Emirates,Male,2010,98.0
United Arab Emirates,Male,2020,99.0
Upper middle income,Female,1970,57.7581405639648
Upper middle income,Female,1980,73.0573883056641
Upper middle income,Female,1990,85.6735763549805
Upper middle income,Female,2000,91.074821472168
Upper middle income,Female,2010,93.6348876953125
Upper middle income,Female,2020,94.2479019165039
Upper middle income,Male,1970,79.5687408447266
Upper middle income,Male,1980,87.6103286743164
Upper middle income,Male,1990,93.3106689453125
Upper middle income,Male,2000,95.7450180053711
Upper middle income,Male,2010,96.8019104003906
Upper middle income,Male,2020,96.9980926513672
Uruguay,Female,1970,94.0
Uruguay,Female,1980,96.0
Uruguay,Female,1990,97.0
Uruguay,Female,2000,99.0
Uruguay,Female,2010,99.0
Uruguay,Female,2020,99.0
Uruguay,Male,1970,93.0
Uruguay,Male,1980,95.0
Uruguay,Male,1990,96.0
Uruguay,Male,2000,98.0
Uruguay,Male,2010,98.0
Uruguay,Male,2020,99.0
Uzbekistan,Female,2000,98.0
Uzbekistan,Female,2010,100.0
Uzbekistan,Female,2020,100.0
Uzbekistan,Male,2000,99.0
Uzbekistan,Male,2010,100.0
Uzbekistan,Male,2020,100.0
Vanuatu,Female,1970,48.0
Vanuatu,Female,1980,53.7000007629395
Vanuatu,Female,1990,65.5999984741211
Vanuatu,Female,2000,76.1999969482422
Vanuatu,Female,2010,83.1999969482422
Vanuatu,Female,2020,88.4000015258789
Vanuatu,Male,1970,57.0
Vanuatu,Male,1980,62.310001373291
Vanuatu,Male,1990,71.7699966430664
Vanuatu,Male,2000,80.4800033569336
Vanuatu,Male,2010,86.1800003051758
Vanuatu,Male,2020,89.8000030517578
"Venezuela, RB",Female,1980,83.0
"Venezuela, RB",Female,1990,89.0
"Venezuela, RB",Female,2000,95.0
"Venezuela, RB",Female,2010,97.0
"Venezuela, RB",Female,2020,97.7300033569336
"Venezuela, RB",Male,1980,86.0
"Venezuela, RB",Male,1990,91.0
"Venezuela, RB",Male,2000,96.0
"Venezuela, RB",Male,2010,97.0
"Venezuela, RB",Male,2020,97.4599990844727
Viet Nam,Female,1970,78.0
Viet Nam,Female,1980,83.0
Viet Nam,Female,1990,87.0
Viet Nam,Female,2000,91.0
Viet Nam,Female,2010,95.0
Viet Nam,Female,2020,95.0
Viet Nam,Male,1970,90.0
Viet Nam,Male,1980,93.0
Viet Nam,Male,1990,94.0
Viet Nam,Male,2000,96.0
Viet Nam,Male,2010,97.0
Viet Nam,Male,2020,97.0
West Bank and Gaza,Female,1990,80.0
West Bank and Gaza,Female,2000,91.0
West Bank and Gaza,Female,2010,96.0
West Bank and Gaza,Female,2020,97.0
West Bank and Gaza,Male,1990,92.0
West Bank and Gaza,Male,2000,97.0
West Bank and Gaza,Male,2010,99.0
West Bank and Gaza,Male,2020,99.0
World,Female,1970,58.6107215881348
World,Female,1980,67.487922668457
World,Female,1990,75.4796676635742
World,Female,2000,79.0794677734375
World,Female,2010,83.0747299194336
World,Female,2020,84.1165313720703
World,Male,1970,75.9336013793945
World,Male,1980,81.2927627563477
World,Male,1990,86.1890029907227
World,Male,2000,88.170051574707
World,Male,2010,90.0415573120117
World,Male,2020,90.6137313842773
"Yemen, Rep.",Female,1990,17.0
"Yemen, Rep.",Female,2000,35.0
"Yemen, Rep.",Female,2020,54.132740020752
"Yemen, Rep.",Male,1990,57.0
"Yemen, Rep.",Male,2000,73.1600036621094
Zambia,Female,1990,60.0
Zambia,Female,2000,51.7869682312012
Zambia,Female,2010,62.1824989318848
Zambia,Female,2020,84.3000030517578
Zambia,Male,1990,76.0
Zambia,Male,2000,71.3176193237305
Zambia,Male,2010,81.7223205566406
Zambia,Male,2020,91.0
Zimbabwe,Female,1980,72.0
Zimbabwe,Female,1990,79.0
Zimbabwe,Female,2010,93.3581237792969
Zimbabwe,Female,2020,91.1999969482422
Zimbabwe,Male,1980,84.0
Zimbabwe,Male,1990,89.0
Zimbabwe,Male,2010,93.0746688842773
Zimbabwe,Male,2020,88.2099990844727
